"subj";"cloze";"item";"n400";"cloze_ans";"N"
1;0;1;7.08;0;44
1;0.03;2;-0.68;1;44
1;1;3;1.39;44;44
1;0.93;4;22.78;41;44
1;0;5;1.61;0;44
1;0;6;3.01;0;44
1;0.8;7;9.96;35;44
1;0.03;9;-1.85;1;44
1;0.03;10;8.73;1;44
1;0.87;11;10.89;38;44
1;1;12;-7.39;44;44
1;0;13;19.05;0;44
1;0;14;8.22;0;44
1;0.9;15;-0.75;40;44
1;0.93;16;18.58;41;44
1;0;17;11.58;0;44
1;0;18;30.38;0;44
1;1;19;-1.15;44;44
1;0.9;20;-4.26;40;44
1;0.03;21;12.09;1;44
1;0.17;22;-4.4;7;44
1;0.93;23;2.42;41;44
1;0.93;24;17.14;41;44
1;0;25;-10.03;0;44
1;0;26;-0.06;0;44
1;0.97;27;9.57;43;44
1;0.27;28;4.76;12;44
1;0.9;29;-2.83;40;44
1;0.9;29;-2.83;40;44
1;0;30;0.28;0;44
1;0.77;31;1.13;34;44
1;0.8;32;-3.25;35;44
1;0;33;12.52;0;44
1;0.3;34;3.82;13;44
1;0.97;35;28.81;43;44
1;0.77;36;8.82;34;44
1;0;37;-12.66;0;44
1;0;38;18.11;0;44
1;0.97;39;7.47;43;44
1;0.93;40;15.32;41;44
1;0.07;41;13.7;3;44
1;0.13;42;10.75;6;44
1;0.93;43;-4.02;41;44
1;0.9;44;12.52;40;44
1;0.17;45;11.74;7;44
1;0.2;46;19.77;9;44
1;1;47;20.18;44;44
1;0.87;48;13.78;38;44
1;0.5;49;15.76;22;44
1;0.03;50;2.16;1;44
1;0.9;51;-14.32;40;44
1;0.87;52;-1.12;38;44
1;0.07;53;-2.04;3;44
1;0.3;54;6.88;13;44
1;0.93;55;9;41;44
1;0.93;56;2.56;41;44
1;0;57;3.8;0;44
1;0;58;10.62;0;44
1;0.73;59;-26.88;32;44
1;0.9;60;-3.74;40;44
1;0;61;3.55;0;44
1;0;62;15.16;0;44
1;0.83;63;-6.38;37;44
1;0.5;64;10.02;22;44
1;0.07;65;9.07;3;44
1;0.07;66;10.85;3;44
1;0.87;67;-3.42;38;44
1;0.27;68;2.02;12;44
1;0;69;-7.02;0;44
1;0.03;70;2.2;1;44
1;0.9;71;-25.35;40;44
1;0.9;72;-3.61;40;44
1;0.07;73;10.85;3;44
1;0;74;2.84;0;44
1;0.6;75;16.23;26;44
1;0.9;76;18.54;40;44
1;0.93;77;10.11;41;44
1;0.83;78;-6.5;37;44
1;0.97;79;11.71;43;44
1;0.97;80;9.49;43;44
2;0.8;7;22.93;35;44
2;0.03;2;11.3;1;44
2;1;12;6.44;44;44
2;0;1;-1.53;0;44
2;0;13;-14.92;0;44
2;0.87;11;16.65;38;44
2;0.97;8;-8.35;43;44
2;0;17;-10.72;0;44
2;0.03;9;15.85;1;44
2;1;3;2.03;44;44
2;0.9;15;-26.96;40;44
2;0.03;10;9.43;1;44
2;1;19;22.82;44;44
2;0.93;16;-20.06;41;44
2;0;6;11.53;0;44
2;0;18;-0.13;0;44
2;0.9;20;14.91;40;44
2;0;5;-3.01;0;44
2;0;37;8.58;0;44
2;0.77;36;-4.39;34;44
2;0.27;28;-6.42;12;44
2;0.97;35;7.13;43;44
2;0.93;24;-6.56;41;44
2;0.93;40;-6.73;41;44
2;0.97;39;2.93;43;44
2;0;30;10.18;0;44
2;0.03;21;1.1;1;44
2;0.17;22;10.65;7;44
2;0.93;23;3.68;41;44
2;0.77;31;0.55;34;44
2;0.8;32;-11.59;35;44
2;0.9;29;-2.47;40;44
2;0.9;29;-2.47;40;44
2;0;25;9.47;0;44
2;0.3;34;2.39;13;44
2;0.97;27;1.29;43;44
2;0.73;59;1.61;32;44
2;0.17;45;12.62;7;44
2;0.5;49;1.96;22;44
2;0.07;53;3.56;3;44
2;0.87;48;5.01;38;44
2;0.3;54;11.36;13;44
2;0.93;43;-4.27;41;44
2;0.13;42;1.67;6;44
2;0.93;56;0.37;41;44
2;0;58;13.2;0;44
2;0.87;52;-17.23;38;44
2;0.07;41;8.67;3;44
2;0.2;46;0.27;9;44
2;0.9;44;17.17;40;44
2;0.9;51;-6.14;40;44
2;1;47;5.23;44;44
2;0.03;70;-2.89;1;44
2;0.07;66;-0.81;3;44
2;0.97;79;-0.45;43;44
2;0.83;78;12.39;37;44
2;0;69;16.7;0;44
2;0.5;64;1.26;22;44
2;0.87;67;-14.31;38;44
2;0.9;72;10.23;40;44
2;0.97;80;12.08;43;44
2;0.07;65;2.56;3;44
2;0.27;68;-8.64;12;44
2;0.9;76;-3.4;40;44
2;0;61;-3.1;0;44
2;0.6;75;15.43;26;44
2;0.9;71;19.74;40;44
3;0.97;13;-37.17;43;44
3;0.07;11;17.52;3;44
3;0.2;4;20.56;9;44
3;0;7;-5.2;0;44
3;0;16;-3.26;0;44
3;0.8;10;2.49;35;44
3;0.62;17;17.07;27;44
3;0.93;5;27.31;41;44
3;0.34;8;-1.71;15;44
3;0;15;-4.88;0;44
3;0.97;1;11.51;43;44
3;0;19;6.41;0;44
3;0.93;9;3.38;41;44
3;1;6;-7.99;44;44
3;0;20;4.56;0;44
3;0.07;3;-2.03;3;44
3;0.87;18;-14.92;38;44
3;0.13;12;-2.81;6;44
3;1;2;2.93;44;44
3;0.9;14;9.99;40;44
3;0.9;29;1.4;40;44
3;0.9;29;1.4;40;44
3;0.77;21;12.96;34;44
3;0.8;37;-3.78;35;44
3;0.97;34;17.45;43;44
3;0.03;32;5.01;1;44
3;0;31;-15.63;0;44
3;0.53;33;-0.31;23;44
3;0.4;24;3.8;18;44
3;0.87;26;9.94;38;44
3;0.03;23;4.64;1;44
3;0;39;10.54;0;44
3;0;35;-8.88;0;44
3;0.53;22;20.61;23;44
3;0;27;-10.04;0;44
3;0.97;25;13.17;43;44
3;0.93;38;-12.83;41;44
3;0.67;28;-4.03;29;44
3;0.07;36;-1.13;3;44
3;0;40;4.86;0;44
3;0.9;30;-2.66;40;44
3;0.67;45;5.71;29;44
3;0.73;58;4.29;32;44
3;0.63;46;8.38;28;44
3;0.37;42;10.82;16;44
3;0.4;49;-9.28;18;44
3;0.27;60;7.8;12;44
3;0.4;43;-1.34;18;44
3;0.37;50;12.76;16;44
3;0.93;53;-2.23;41;44
3;1;41;3.94;44;44
3;0.03;51;7.12;1;44
3;0;52;-2.57;0;44
3;0;56;3.85;0;44
3;0.6;55;10.18;26;44
3;0.47;44;0.11;21;44
3;0.07;59;-1.33;3;44
3;0.69;57;5.54;30;44
3;0.13;47;6.99;6;44
3;0;67;12.01;0;44
3;0.93;69;2.45;41;44
3;0;71;9.85;0;44
3;0.7;62;5.43;31;44
3;0;75;0.92;0;44
3;0.97;78;-11;43;44
3;0.8;73;8.34;35;44
3;0;79;6.72;0;44
3;0.34;61;-9.7;15;44
3;0.57;70;19.87;25;44
3;0.77;64;-15.74;34;44
3;1;77;6.86;44;44
3;0;63;3.33;0;44
3;0.93;74;-0.81;41;44
3;0;80;5.3;0;44
3;0.1;68;7.92;4;44
3;0.93;65;3.7;41;44
3;0;76;6.51;0;44
3;0.23;66;-11.44;10;44
4;0.93;5;13.72;41;44
4;1;2;-0.09;44;44
4;0;20;0.83;0;44
4;0;16;6.77;0;44
4;0.8;10;3.58;35;44
4;0.9;14;10.86;40;44
4;0.93;9;10.92;41;44
4;0;15;5.39;0;44
4;1;6;6.71;44;44
4;0.87;18;-4.72;38;44
4;0;19;6.67;0;44
4;0.97;1;21.06;43;44
4;0.13;12;3.43;6;44
4;0.07;11;16.52;3;44
4;0.62;17;-8.78;27;44
4;0.07;3;5.96;3;44
4;0.97;13;14.26;43;44
4;0.2;4;25;9;44
4;0.34;8;9.12;15;44
4;0.4;24;25.14;18;44
4;0.67;28;17.99;29;44
4;0;35;14.62;0;44
4;0.07;36;23.13;3;44
4;0.8;37;16.07;35;44
4;0.97;34;7.79;43;44
4;0.03;23;-1.86;1;44
4;0.77;21;12.59;34;44
4;0.87;26;2.17;38;44
4;0;27;5.47;0;44
4;0.93;38;16.26;41;44
4;0.9;30;12.05;40;44
4;0;40;14.16;0;44
4;0;31;-3.19;0;44
4;0.53;22;24.01;23;44
4;0.9;29;6.33;40;44
4;0.9;29;6.33;40;44
4;0.53;33;9.67;23;44
4;0;39;-5.17;0;44
4;0.03;32;-6.63;1;44
4;0.97;25;14.18;43;44
4;0.69;57;-1.68;30;44
4;0.07;59;-4.74;3;44
4;0;52;15.8;0;44
4;0.73;58;27.51;32;44
4;0.37;42;18.17;16;44
4;0.93;53;-8.37;41;44
4;0.47;44;2.65;21;44
4;0;56;-3.57;0;44
4;0.77;54;2.75;34;44
4;0.27;60;-8.25;12;44
4;0.4;49;-5.82;18;44
4;0.4;43;-10.43;18;44
4;0.03;51;15.22;1;44
4;0.67;45;9.43;29;44
4;0.63;46;22.42;28;44
4;0.37;50;8.57;16;44
4;0.13;47;2.64;6;44
4;0.6;55;-14.83;26;44
4;1;41;10.93;44;44
4;0;48;-8.96;0;44
4;0.77;64;20.21;34;44
4;0.1;68;-6;4;44
4;1;77;13.88;44;44
4;0;67;11.99;0;44
4;0.23;66;18.51;10;44
4;0;63;-1.33;0;44
4;0.97;78;0.3;43;44
4;0;80;3.18;0;44
4;0;76;13.44;0;44
4;0;72;9.43;0;44
4;0.34;61;19.35;15;44
4;0.93;65;-3.27;41;44
4;0;71;13.58;0;44
4;0.93;74;10.14;41;44
4;0;75;8.69;0;44
4;0.57;70;16.91;25;44
4;0;79;9.41;0;44
4;0.8;73;0.18;35;44
4;0.7;62;7.47;31;44
4;0.93;69;19.3;41;44
5;0;6;4.81;0;44
5;1;12;10.75;44;44
5;0;1;6.58;0;44
5;1;3;7;44;44
5;0.9;15;-4.76;40;44
5;0;14;-1.37;0;44
5;0.87;11;-7.84;38;44
5;0.93;16;25.51;41;44
5;0;5;7.78;0;44
5;0.93;4;-6.62;41;44
5;0.8;7;-3.21;35;44
5;0.03;2;-3.56;1;44
5;0;18;-24.3;0;44
5;0;13;1.09;0;44
5;1;19;-5.62;44;44
5;0.03;10;-3.88;1;44
5;0.03;9;14.05;1;44
5;0;17;-9.14;0;44
5;0.97;8;5.1;43;44
5;0.03;21;-5.87;1;44
5;0.27;28;6.8;12;44
5;0.97;35;4.18;43;44
5;0;33;1.66;0;44
5;0.93;23;-4.73;41;44
5;0;25;2.88;0;44
5;0.77;36;-5.81;34;44
5;0;38;8.06;0;44
5;0.93;40;13.04;41;44
5;0.93;24;-3.04;41;44
5;0.3;34;8.37;13;44
5;0;26;6.92;0;44
5;0.17;22;5.03;7;44
5;0.8;32;11.18;35;44
5;0.97;27;4.49;43;44
5;0.97;39;4.52;43;44
5;0;30;3.11;0;44
5;0;37;3.32;0;44
5;0.77;31;-7.18;34;44
5;0.87;52;-4.69;38;44
5;0.5;49;7.94;22;44
5;0;58;12.91;0;44
5;0;57;1.56;0;44
5;0.73;59;-4.77;32;44
5;0.03;50;-4.21;1;44
5;0.9;51;3.42;40;44
5;0.07;53;-15.63;3;44
5;1;47;-8.49;44;44
5;0.07;41;-1.69;3;44
5;0.93;56;10.16;41;44
5;0.2;46;-12.21;9;44
5;0.17;45;7.53;7;44
5;0.9;60;1.97;40;44
5;0.3;54;13.15;13;44
5;0.13;42;10.39;6;44
5;0.93;43;-23.84;41;44
5;0.87;48;3.04;38;44
5;0.93;55;-0.12;41;44
5;0.9;44;3.27;40;44
5;0.27;68;-3.39;12;44
5;0.03;70;6.7;1;44
5;0.07;73;8.52;3;44
5;0.83;78;-4.67;37;44
5;0;69;5.94;0;44
5;0.07;66;-4.3;3;44
5;0.9;76;-3.35;40;44
5;0.9;72;-10.87;40;44
5;0.97;79;2.83;43;44
5;0.93;77;1.35;41;44
5;0.87;67;2.16;38;44
5;0.83;63;2.01;37;44
5;0.6;75;18.97;26;44
5;0;62;7.68;0;44
5;0;61;-2.63;0;44
5;0.97;80;-2.82;43;44
5;0.5;64;17.04;22;44
5;0;74;1.74;0;44
5;0.9;71;-5.96;40;44
5;0.07;65;-3.54;3;44
6;0;5;-26.54;0;44
6;0;1;-14.81;0;44
6;0.97;8;-17.41;43;44
6;0;14;13.18;0;44
6;0.8;7;-4.55;35;44
6;0;17;2.97;0;44
6;0.9;20;-2.73;40;44
6;0.93;4;-0.74;41;44
6;0;6;-1.34;0;44
6;0.93;16;-4.03;41;44
6;0.9;15;-6.14;40;44
6;0.87;11;-2.02;38;44
6;1;19;-0.03;44;44
6;0.03;10;19.4;1;44
6;1;3;-0.66;44;44
6;0;18;7.43;0;44
6;0;13;10.88;0;44
6;0.03;2;-1.05;1;44
6;0;26;0.36;0;44
6;0;25;-13.06;0;44
6;0.97;39;6.31;43;44
6;0;37;0.66;0;44
6;0.97;27;2.27;43;44
6;0.93;40;11.08;41;44
6;0;33;9.54;0;44
6;0.93;23;-8.37;41;44
6;0.8;32;-6.97;35;44
6;0.03;21;-8.77;1;44
6;0.77;36;5.34;34;44
6;0;38;-31.61;0;44
6;0;30;8.28;0;44
6;0.97;35;-16.65;43;44
6;0.27;28;-17.43;12;44
6;0.17;22;12.77;7;44
6;0.9;29;20.27;40;44
6;0.9;29;20.27;40;44
6;0.3;34;-7.09;13;44
6;0.93;24;-1.38;41;44
6;0.5;49;11.14;22;44
6;0.73;59;16.73;32;44
6;0.2;46;0.65;9;44
6;0.87;48;6.96;38;44
6;0.9;60;13.63;40;44
6;0.9;51;24.06;40;44
6;0.87;52;9.58;38;44
6;0;58;-3.19;0;44
6;0.9;44;22.57;40;44
6;0.13;42;14.84;6;44
6;0.93;55;7.9;41;44
6;0.93;43;23.42;41;44
6;0;57;-18.89;0;44
6;0.07;53;-15.96;3;44
6;0.07;41;10.23;3;44
6;1;47;-8.54;44;44
6;0.03;50;2.82;1;44
6;0.3;54;25.15;13;44
6;0.93;56;-0.37;41;44
6;0.27;68;-19.36;12;44
6;0.93;77;-13.2;41;44
6;0.07;73;-8.23;3;44
6;0.5;64;3.7;22;44
6;0;62;-28.6;0;44
6;0;61;-9.55;0;44
6;0;69;-21.42;0;44
6;0.9;71;-4.93;40;44
6;0.07;66;-24.74;3;44
6;0.03;70;8.34;1;44
6;0.97;79;-4.7;43;44
6;0.97;80;41.15;43;44
6;0;74;-17.9;0;44
6;0.9;76;10.2;40;44
6;0.83;63;-2.39;37;44
6;0.9;72;16.68;40;44
6;0.07;65;6.26;3;44
6;0.83;78;-7.31;37;44
7;0;7;7.02;0;44
7;0.34;8;-8.32;15;44
7;0.2;4;-7.86;9;44
7;0.8;10;-17.86;35;44
7;0.9;14;12.31;40;44
7;0.07;11;22.55;3;44
7;0;19;2.29;0;44
7;0.13;12;8.6;6;44
7;1;6;11.89;44;44
7;0;15;-5.25;0;44
7;0.97;1;-0.59;43;44
7;0.87;18;-0.16;38;44
7;0.62;17;-12.31;27;44
7;0.93;9;-1.61;41;44
7;0;20;-5.69;0;44
7;0.97;13;0.15;43;44
7;1;2;-24.03;44;44
7;0;16;-7.92;0;44
7;0.07;3;-0.54;3;44
7;0.93;5;26.25;41;44
7;0.67;28;-8.86;29;44
7;0;40;7.32;0;44
7;0.9;29;11.31;40;44
7;0.9;29;11.31;40;44
7;0.9;30;0.37;40;44
7;0.53;22;-0.28;23;44
7;0;39;2.18;0;44
7;0;35;0.14;0;44
7;0.77;21;-18.97;34;44
7;0.07;36;0.08;3;44
7;0.03;32;12.61;1;44
7;0;31;-0.12;0;44
7;0.8;37;5.51;35;44
7;0.03;23;9.39;1;44
7;0.4;24;3.76;18;44
7;0.87;26;-2.57;38;44
7;0.97;34;2.38;43;44
7;0.97;25;26.72;43;44
7;0.93;38;7.01;41;44
7;0;27;-9.24;0;44
7;0.53;33;18.02;23;44
7;1;41;7.27;44;44
7;0.67;45;8.62;29;44
7;0.63;46;11.03;28;44
7;0.27;60;12.39;12;44
7;0;56;15.45;0;44
7;0.4;43;-2.05;18;44
7;0.93;53;-0.14;41;44
7;0.73;58;6.04;32;44
7;0.13;47;-14.88;6;44
7;0.37;42;12.85;16;44
7;0.03;51;18.21;1;44
7;0;48;-5.31;0;44
7;0.37;50;11.26;16;44
7;0.4;49;-11.92;18;44
7;0.6;55;-9.15;26;44
7;0.69;57;-2.56;30;44
7;0.07;59;-3.7;3;44
7;0.47;44;-29.17;21;44
7;0.77;54;4.99;34;44
7;0;76;-1.05;0;44
7;0.57;70;7.65;25;44
7;0.8;73;-17.77;35;44
7;0;71;-4.35;0;44
7;0.23;66;0.8;10;44
7;0;75;-3.69;0;44
7;0;63;-5.74;0;44
7;0.1;68;-16.49;4;44
7;0.97;78;4.42;43;44
7;0;67;8.7;0;44
7;0.93;65;-10.13;41;44
7;0.93;69;9.67;41;44
7;0;72;7.45;0;44
7;1;77;0.83;44;44
7;0.93;74;-5.61;41;44
7;0.77;64;-13.81;34;44
7;0;80;17.81;0;44
7;0;79;33.23;0;44
7;0.7;62;7.14;31;44
7;0.34;61;-16.21;15;44
8;0;20;24.27;0;44
8;0.07;11;-5.17;3;44
8;0.8;10;-1.44;35;44
8;0.62;17;10.77;27;44
8;0.13;12;11.63;6;44
8;0;16;6.2;0;44
8;0.9;14;21.96;40;44
8;1;2;7.52;44;44
8;1;6;-4.8;44;44
8;0.07;3;9.48;3;44
8;0.93;5;2.35;41;44
8;0;7;-22.26;0;44
8;0.87;18;10.35;38;44
8;0.2;4;15.86;9;44
8;0.34;8;0.88;15;44
8;0.97;13;18.58;43;44
8;0.97;1;4.25;43;44
8;0.93;9;-17.77;41;44
8;0.03;32;-5.05;1;44
8;0.53;33;2.03;23;44
8;0.97;25;26.26;43;44
8;0.53;22;2.58;23;44
8;0.87;26;27.04;38;44
8;0.07;36;-9.47;3;44
8;0;39;-4.54;0;44
8;0.9;30;-15.38;40;44
8;0.93;38;28.01;41;44
8;0.03;23;-0.58;1;44
8;0;27;-17.5;0;44
8;0.77;21;18.48;34;44
8;0.9;29;-12.19;40;44
8;0.9;29;-12.19;40;44
8;0.8;37;-1.52;35;44
8;0.67;28;6.95;29;44
8;0;35;5.37;0;44
8;0.4;24;11.26;18;44
8;0.97;34;25.72;43;44
8;0;31;18.71;0;44
8;0;40;26.95;0;44
8;0.07;59;8.24;3;44
8;0.93;53;12.96;41;44
8;0.4;49;5.98;18;44
8;0.37;50;17.83;16;44
8;0;52;-12.45;0;44
8;0;56;10.9;0;44
8;0.69;57;14.61;30;44
8;0;48;-13.47;0;44
8;0.13;47;11.87;6;44
8;0.73;58;6.17;32;44
8;0.77;54;-6.18;34;44
8;0.47;44;33;21;44
8;0.63;46;15.03;28;44
8;0.4;43;-10.5;18;44
8;0.03;51;4.59;1;44
8;1;41;-3.13;44;44
8;0.37;42;16.09;16;44
8;0.6;55;9.93;26;44
8;0.67;45;13.79;29;44
8;0;79;-5.32;0;44
8;0.93;74;5.92;41;44
8;0.1;68;6.29;4;44
8;0.93;65;15.27;41;44
8;0;75;12.65;0;44
8;1;77;6.18;44;44
8;0;71;-12.94;0;44
8;0;76;-19.19;0;44
8;0;63;-6.11;0;44
8;0.23;66;-8.09;10;44
8;0.8;73;0.05;35;44
8;0.77;64;9.45;34;44
8;0;80;-2.85;0;44
8;0.34;61;16.46;15;44
8;0;67;19.39;0;44
8;0.93;69;2.15;41;44
8;0.57;70;8.34;25;44
8;0;72;-11.31;0;44
8;0.97;78;31.56;43;44
8;0.7;62;4.49;31;44
9;1;12;-5.29;44;44
9;0.03;10;-10.95;1;44
9;0.93;16;8.67;41;44
9;1;19;2.45;44;44
9;0;18;3.23;0;44
9;1;3;-0.99;44;44
9;0;6;-3.1;0;44
9;0.8;7;0.02;35;44
9;0;13;1.1;0;44
9;0;17;2.49;0;44
9;0.93;4;18.8;41;44
9;0;14;-5.72;0;44
9;0.9;15;5.48;40;44
9;0.03;9;-6.49;1;44
9;0.97;8;15.29;43;44
9;0;1;-12.38;0;44
9;0;5;2.08;0;44
9;0.03;2;-5.84;1;44
9;0.87;11;10.01;38;44
9;0.9;20;-11.54;40;44
9;0.27;28;-0.56;12;44
9;0;30;10.93;0;44
9;0.3;34;1.59;13;44
9;0.97;27;13.68;43;44
9;0.77;36;7.41;34;44
9;0;38;-12.61;0;44
9;0.17;22;12.02;7;44
9;0.77;31;5.83;34;44
9;0.9;29;3.45;40;44
9;0.9;29;3.45;40;44
9;0.93;24;3.18;41;44
9;0;25;0.03;0;44
9;0;26;14.71;0;44
9;0;33;14.83;0;44
9;0.03;21;-0.35;1;44
9;0.97;35;-3.49;43;44
9;0.93;23;-9.89;41;44
9;0.8;32;-13.09;35;44
9;0.93;40;11.14;41;44
9;0;37;-2.99;0;44
9;0.97;39;8.28;43;44
9;0.9;44;1.68;40;44
9;0.17;45;31.92;7;44
9;0.9;60;13.78;40;44
9;1;47;-21.25;44;44
9;0.03;50;23.81;1;44
9;0.3;54;-0.4;13;44
9;0.5;49;-0.43;22;44
9;0.2;46;5.76;9;44
9;0.93;56;9.41;41;44
9;0;57;-11.81;0;44
9;0.93;55;3.66;41;44
9;0.87;48;3.98;38;44
9;0.87;52;1.5;38;44
9;0.9;51;13.05;40;44
9;0.07;53;0.77;3;44
9;0.07;41;4.01;3;44
9;0.73;59;5.5;32;44
9;0.93;43;-13.25;41;44
9;0;58;16.4;0;44
9;0.13;42;3.71;6;44
9;0;74;0.14;0;44
9;0.07;66;0.75;3;44
9;0.9;72;0.22;40;44
9;0.83;63;-5.77;37;44
9;0.9;71;-18.07;40;44
9;0.9;76;-3.6;40;44
9;0.97;80;2.76;43;44
9;0.6;75;-2.01;26;44
9;0.07;65;-6.58;3;44
9;0.5;64;4.62;22;44
9;0.87;67;-11.5;38;44
9;0;69;10.64;0;44
9;0.93;77;-0.65;41;44
9;0.97;79;18.39;43;44
9;0.03;70;9.92;1;44
9;0.07;73;12.05;3;44
9;0;61;5.41;0;44
9;0.83;78;11.68;37;44
9;0.27;68;9.32;12;44
10;0;5;-11.89;0;44
10;0.03;2;-22.5;1;44
10;0.93;16;1.42;41;44
10;0.9;20;20.97;40;44
10;0;18;-0.07;0;44
10;0.87;11;-14.9;38;44
10;0.97;8;2.91;43;44
10;1;19;-1.13;44;44
10;0;14;1.76;0;44
10;1;12;-0.81;44;44
10;0.03;10;-1.76;1;44
10;0.8;7;2.94;35;44
10;0.03;9;10.52;1;44
10;0.93;4;-2.72;41;44
10;1;3;33.78;44;44
10;0;1;8.68;0;44
10;0.9;15;4.22;40;44
10;0;13;-0.81;0;44
10;0;17;5.17;0;44
10;0.77;36;9.93;34;44
10;0.93;24;0.49;41;44
10;0.17;22;-14.64;7;44
10;0.93;40;16.89;41;44
10;0.93;23;1.24;41;44
10;0.9;29;-1.82;40;44
10;0.9;29;-1.82;40;44
10;0.8;32;7.44;35;44
10;0;33;2.38;0;44
10;0;37;-12.17;0;44
10;0.27;28;2.9;12;44
10;0;30;-0.05;0;44
10;0.97;27;19.15;43;44
10;0.97;35;8.53;43;44
10;0.3;34;-1.54;13;44
10;0;38;-5.14;0;44
10;0.97;39;13.26;43;44
10;0.77;31;25.16;34;44
10;0;25;18.8;0;44
10;0;26;6.5;0;44
10;0.03;21;-5.3;1;44
10;0.13;42;10.64;6;44
10;0.9;51;6.13;40;44
10;0.07;41;12.66;3;44
10;0;58;14.47;0;44
10;0.07;53;5.58;3;44
10;0.93;56;5.89;41;44
10;1;47;12.05;44;44
10;0.3;54;17.28;13;44
10;0.03;50;-1.1;1;44
10;0.17;45;2.71;7;44
10;0.5;49;2.58;22;44
10;0;57;1.05;0;44
10;0.87;52;-13.22;38;44
10;0.93;43;15.59;41;44
10;0.9;60;10.03;40;44
10;0.87;48;-9.96;38;44
10;0.73;59;-9.77;32;44
10;0.9;44;-6.33;40;44
10;0.2;46;9.27;9;44
10;0.93;55;-9.75;41;44
10;0;74;1.86;0;44
10;0.07;66;1.26;3;44
10;0;69;0.19;0;44
10;0.9;76;17.12;40;44
10;0.93;77;-3.97;41;44
10;0.5;64;7.72;22;44
10;0.97;80;-12.18;43;44
10;0.97;79;10.82;43;44
10;0;62;-3.65;0;44
10;0.6;75;-2.36;26;44
10;0.83;63;-2.96;37;44
10;0.07;73;-6.21;3;44
10;0.83;78;-0.97;37;44
10;0.27;68;-22.49;12;44
10;0;61;0.25;0;44
10;0.07;65;-9.39;3;44
10;0.9;71;1.4;40;44
10;0.9;72;28.2;40;44
11;0.97;1;-3.9;43;44
11;0.13;12;8.56;6;44
11;0;20;9.21;0;44
11;0.97;13;22.04;43;44
11;0.9;14;-11.39;40;44
11;1;2;0.85;44;44
11;0.07;3;3.29;3;44
11;0.07;11;1.51;3;44
11;0.87;18;25.42;38;44
11;0;7;-5.04;0;44
11;0.2;4;2.55;9;44
11;0;16;-11.29;0;44
11;0.93;9;3.16;41;44
11;0.8;10;-20.01;35;44
11;0;15;3.85;0;44
11;0.62;17;6.74;27;44
11;1;6;23.87;44;44
11;0;19;-2.48;0;44
11;0.34;8;22.29;15;44
11;0.93;5;-7.72;41;44
11;0.07;36;3.21;3;44
11;0.9;29;2.49;40;44
11;0.9;29;2.49;40;44
11;0;27;20.53;0;44
11;0.67;28;-0.51;29;44
11;0.8;37;22.37;35;44
11;0;31;1.7;0;44
11;0.03;32;1.73;1;44
11;0.93;38;20.4;41;44
11;0.97;25;7.3;43;44
11;0.4;24;-10.14;18;44
11;0;40;-20.71;0;44
11;0;39;19.11;0;44
11;0.53;22;15.14;23;44
11;0.77;21;2.79;34;44
11;0;35;19.92;0;44
11;0.97;34;-6.68;43;44
11;0.03;23;1.58;1;44
11;0.87;26;10.41;38;44
11;0.53;33;25.31;23;44
11;0.9;30;5.3;40;44
11;0.13;47;8.48;6;44
11;0.67;45;5.29;29;44
11;0.93;53;12.21;41;44
11;1;41;9.96;44;44
11;0.69;57;24.42;30;44
11;0.6;55;3.54;26;44
11;0.63;46;14.13;28;44
11;0;52;8.4;0;44
11;0.4;49;5.72;18;44
11;0.37;42;9.12;16;44
11;0.4;43;16.8;18;44
11;0.73;58;15.52;32;44
11;0;56;2.44;0;44
11;0.03;51;-6.68;1;44
11;0.77;54;-14.9;34;44
11;0.07;59;-1.26;3;44
11;0.47;44;10.09;21;44
11;0;48;-11.33;0;44
11;0.27;60;13.76;12;44
11;0.37;50;20.99;16;44
11;0.77;64;12.46;34;44
11;1;77;6.46;44;44
11;0.8;73;8.64;35;44
11;0;71;17;0;44
11;0.7;62;-18.35;31;44
11;0;79;13.5;0;44
11;0.34;61;4.59;15;44
11;0;75;-8.22;0;44
11;0;67;-0.25;0;44
11;0.93;65;7.08;41;44
11;0.57;70;-0.7;25;44
11;0;63;6.67;0;44
11;0;80;12.84;0;44
11;0.93;69;5.94;41;44
11;0.97;78;5.68;43;44
11;0.1;68;13.79;4;44
11;0;72;-8.68;0;44
11;0;76;-0.09;0;44
11;0.93;74;8.57;41;44
11;0.23;66;0.25;10;44
12;0;18;-8.98;0;44
12;0.03;9;0.51;1;44
12;0;17;1.61;0;44
12;1;3;14.98;44;44
12;0.03;10;8.21;1;44
12;1;12;-3.77;44;44
12;0;6;-12.21;0;44
12;0.9;20;2.41;40;44
12;0.93;16;6.55;41;44
12;0;5;-11.72;0;44
12;0.03;2;13.3;1;44
12;0;13;-0.76;0;44
12;0.87;11;6.52;38;44
12;0.93;4;13.32;41;44
12;0.9;15;10.09;40;44
12;0;14;12.8;0;44
12;0;1;3.47;0;44
12;1;19;18.77;44;44
12;0.97;8;-4.25;43;44
12;0.8;7;7.25;35;44
12;0;38;-12.45;0;44
12;0.93;23;5.14;41;44
12;0.97;27;-3.66;43;44
12;0;30;-0.33;0;44
12;0.93;40;-4.94;41;44
12;0.17;22;2.81;7;44
12;0.97;39;-2.92;43;44
12;0.77;31;-9.87;34;44
12;0;37;13.69;0;44
12;0.97;35;6.58;43;44
12;0.3;34;-6.46;13;44
12;0;26;-1.37;0;44
12;0.9;29;-12.27;40;44
12;0.9;29;-12.27;40;44
12;0.93;24;19.2;41;44
12;0.77;36;-5.07;34;44
12;0.03;21;-2.41;1;44
12;0.27;28;7.33;12;44
12;0;33;-0.89;0;44
12;0;25;14.45;0;44
12;0.8;32;6.81;35;44
12;0;57;4.49;0;44
12;0.07;41;11.84;3;44
12;0.93;55;-0.18;41;44
12;0.2;46;-16.76;9;44
12;0.87;52;-7.97;38;44
12;0.17;45;-1.35;7;44
12;0.9;51;10.55;40;44
12;0.13;42;23.51;6;44
12;0.93;43;-1.47;41;44
12;0.87;48;-11.76;38;44
12;0.3;54;-6.68;13;44
12;0.93;56;-1.13;41;44
12;0.07;53;11.91;3;44
12;0.5;64;4.02;22;44
12;0.93;77;14.79;41;44
12;0.9;72;-5;40;44
12;0.83;63;26.2;37;44
12;0.9;76;15.4;40;44
12;0.97;79;7.41;43;44
12;0.07;73;11.48;3;44
12;0.83;78;-6.01;37;44
12;0.9;71;2.39;40;44
12;0.07;65;23.71;3;44
12;0;61;25.26;0;44
12;0;62;0.81;0;44
12;0.27;68;-9.77;12;44
12;0.07;66;-7.25;3;44
12;0.87;67;12.56;38;44
12;0.03;70;18.1;1;44
12;0.6;75;16.04;26;44
12;0;74;3.66;0;44
12;0;69;-18.15;0;44
12;0.97;80;8.58;43;44
13;0.8;10;-7.5;35;44
13;0;20;17.82;0;44
13;0.97;13;15.26;43;44
13;0.87;18;2.55;38;44
13;0;19;-3.1;0;44
13;0.93;5;28.3;41;44
13;0.07;11;11.18;3;44
13;0.97;1;3.26;43;44
13;0.2;4;13.15;9;44
13;0.07;3;3.66;3;44
13;0.34;8;6.29;15;44
13;0.13;12;0.89;6;44
13;0;16;9.08;0;44
13;1;6;19.84;44;44
13;0;7;9.72;0;44
13;0.62;17;-18.88;27;44
13;1;2;5.33;44;44
13;0.9;14;2.72;40;44
13;0.93;9;13.99;41;44
13;0;15;-10.37;0;44
13;0.9;29;7.68;40;44
13;0.9;29;7.68;40;44
13;0;27;-5.81;0;44
13;0.67;28;10.64;29;44
13;0.87;26;8.01;38;44
13;0.03;32;12.88;1;44
13;0;35;16.36;0;44
13;0;40;-1.86;0;44
13;0.93;38;-2.78;41;44
13;0.53;22;10.14;23;44
13;0.97;25;3.14;43;44
13;0;31;13.57;0;44
13;0.53;33;9.54;23;44
13;0.9;30;12.7;40;44
13;0.97;34;14.97;43;44
13;0.03;23;-0.51;1;44
13;0.4;24;5.63;18;44
13;0;39;7.88;0;44
13;0.77;21;6.9;34;44
13;0.07;36;11.39;3;44
13;0.8;37;16.71;35;44
13;0.13;47;-3.58;6;44
13;0.07;59;-31.59;3;44
13;0.4;43;-2.95;18;44
13;0.93;53;3.81;41;44
13;0.4;49;-17.87;18;44
13;0.77;54;-20.04;34;44
13;0.37;42;2.47;16;44
13;0.73;58;18.3;32;44
13;0.47;44;-13.15;21;44
13;0.6;55;8.68;26;44
13;0;52;9.16;0;44
13;0.37;50;-1.79;16;44
13;0.03;51;12.21;1;44
13;0;48;8.19;0;44
13;0;56;18.18;0;44
13;1;41;12.21;44;44
13;0.69;57;-13.32;30;44
13;0.27;60;-5.06;12;44
13;0.67;45;-2.17;29;44
13;0.63;46;-5.16;28;44
13;0;79;12.83;0;44
13;0.77;64;7.87;34;44
13;0.8;73;-14.59;35;44
13;0;71;-12.28;0;44
13;0;72;-6.03;0;44
13;0.7;62;-4.69;31;44
13;0.57;70;-20.12;25;44
13;0;80;-5.24;0;44
13;0.93;69;5.46;41;44
13;1;77;-8.02;44;44
13;0.23;66;5.03;10;44
13;0;67;-10.89;0;44
13;0;76;4.4;0;44
13;0.34;61;12.89;15;44
13;0.1;68;-15.56;4;44
13;0;63;-7.42;0;44
13;0;75;-13.54;0;44
13;0.93;65;-1.17;41;44
13;0.93;74;7.38;41;44
13;0.97;78;14.69;43;44
14;0;1;-7.12;0;44
14;0;5;5.17;0;44
14;0.9;15;17.21;40;44
14;1;3;-5.12;44;44
14;0;17;-9.32;0;44
14;1;19;-5.28;44;44
14;0.87;11;-2.49;38;44
14;0;13;-2.12;0;44
14;0.93;16;-2.21;41;44
14;0.8;7;-8.58;35;44
14;0.93;4;-4.56;41;44
14;0;6;-6.14;0;44
14;1;12;-4.21;44;44
14;0;14;3.51;0;44
14;0.03;10;4.43;1;44
14;0.9;20;1.39;40;44
14;0.97;8;-12;43;44
14;0.03;2;-18.94;1;44
14;0;18;-28.29;0;44
14;0.3;34;-9.5;13;44
14;0.93;40;4.99;41;44
14;0.8;32;-19.06;35;44
14;0.27;28;12.23;12;44
14;0.97;27;-10.82;43;44
14;0.93;23;-1.89;41;44
14;0;25;-5.29;0;44
14;0;30;6.53;0;44
14;0.93;24;5.58;41;44
14;0.17;22;13.61;7;44
14;0.9;29;-2.59;40;44
14;0.9;29;-2.59;40;44
14;0;38;-0.25;0;44
14;0.97;35;-1.57;43;44
14;0.77;31;-3.38;34;44
14;0;33;4.3;0;44
14;0.77;36;8.65;34;44
14;0.97;39;-1.18;43;44
14;0;26;3.93;0;44
14;0;37;-6.97;0;44
14;0.03;21;4.39;1;44
14;0.2;46;4.36;9;44
14;1;47;-5.96;44;44
14;0.03;50;15.81;1;44
14;0;57;-2.71;0;44
14;0.5;49;0.6;22;44
14;0;58;18;0;44
14;0.93;55;-19.66;41;44
14;0.9;44;1.3;40;44
14;0.93;43;-30.94;41;44
14;0.07;41;0.95;3;44
14;0.87;48;2.55;38;44
14;0.73;59;-5.82;32;44
14;0.07;53;-14.93;3;44
14;0.9;51;-1.53;40;44
14;0.3;54;17.75;13;44
14;0.93;56;3.19;41;44
14;0.13;42;10.91;6;44
14;0.87;52;27.74;38;44
14;0.9;60;-14.7;40;44
14;0.17;45;18;7;44
14;0.27;68;-8.95;12;44
14;0;74;-4.62;0;44
14;0.93;77;7.1;41;44
14;0.07;66;-3.58;3;44
14;0.9;72;-4.11;40;44
14;0.9;76;11.39;40;44
14;0.03;70;1.33;1;44
14;0.6;75;10.54;26;44
14;0.07;65;4.96;3;44
14;0.87;67;-4.62;38;44
14;0.07;73;-2.2;3;44
14;0.5;64;-0.27;22;44
14;0.97;79;0.59;43;44
14;0.83;78;-5.94;37;44
14;0;62;2;0;44
14;0.83;63;4.33;37;44
14;0.97;80;3.7;43;44
14;0.9;71;1.56;40;44
14;0;61;9;0;44
14;0;69;-10.8;0;44
15;0.07;11;52.43;3;44
15;0;7;-17.66;0;44
15;1;2;7.91;44;44
15;0.9;14;7.88;40;44
15;0.62;17;-10.05;27;44
15;0;20;12.81;0;44
15;0.93;5;10.27;41;44
15;0.07;3;-38.89;3;44
15;0.34;8;21.28;15;44
15;0.87;18;-7.67;38;44
15;0;16;1.35;0;44
15;0.97;1;-9.44;43;44
15;0.97;13;10.02;43;44
15;0.2;4;-18.07;9;44
15;0;15;11.92;0;44
15;1;6;-5.15;44;44
15;0.93;9;16.68;41;44
15;0;19;-1.08;0;44
15;0.13;12;-6.97;6;44
15;0.8;10;-8.31;35;44
15;0.9;29;4.82;40;44
15;0.9;29;4.82;40;44
15;0.53;33;-13.84;23;44
15;0.93;38;6.05;41;44
15;0.77;21;28.15;34;44
15;0.07;36;4.98;3;44
15;0;40;11.85;0;44
15;0;39;-2.73;0;44
15;0.4;24;-1.59;18;44
15;0.67;28;19.34;29;44
15;0.8;37;7.17;35;44
15;0.97;34;7.07;43;44
15;0;31;2.84;0;44
15;0.53;22;-1.83;23;44
15;0;35;8;0;44
15;0.97;25;1.88;43;44
15;0.87;26;7.8;38;44
15;0;27;12.94;0;44
15;0.03;23;1.84;1;44
15;0.03;32;-16.64;1;44
15;0;48;1.92;0;44
15;0.73;58;-14.29;32;44
15;0.47;44;1.66;21;44
15;0.6;55;4.74;26;44
15;0.93;53;-19.71;41;44
15;0.63;46;14.29;28;44
15;1;41;9.67;44;44
15;0.03;51;-30.29;1;44
15;0.37;50;0.87;16;44
15;0.69;57;6.19;30;44
15;0;52;10.5;0;44
15;0.13;47;-6.29;6;44
15;0.07;59;4.96;3;44
15;0.27;60;18.35;12;44
15;0.4;49;-6.16;18;44
15;0.67;45;18.21;29;44
15;0;56;42.53;0;44
15;0;72;-1.02;0;44
15;0;63;-2.89;0;44
15;0.57;70;47.96;25;44
15;0.93;74;17.7;41;44
15;0;71;5.88;0;44
15;0.23;66;18.85;10;44
15;0.34;61;8.58;15;44
15;0;80;-22;0;44
15;0.77;64;4;34;44
15;0;76;-26.31;0;44
15;0.93;69;-11.42;41;44
15;1;77;2.97;44;44
15;0.8;73;7.74;35;44
15;0;67;1.2;0;44
15;0.97;78;-5.39;43;44
15;0.7;62;-1.52;31;44
15;0;79;4.58;0;44
15;0.1;68;-31.62;4;44
15;0.93;65;21.54;41;44
15;0;75;-3.22;0;44
16;0.07;3;-15.01;3;44
16;0.8;10;2.86;35;44
16;0.62;17;21.71;27;44
16;0.93;5;-26.17;41;44
16;0.9;14;15.87;40;44
16;0.97;1;-1.1;43;44
16;0.13;12;-16.64;6;44
16;1;6;9.32;44;44
16;0.87;18;-5.28;38;44
16;0;20;33.49;0;44
16;0;7;-2.56;0;44
16;0.93;9;8.77;41;44
16;0;16;-7.76;0;44
16;0.07;11;8.01;3;44
16;0;19;6.03;0;44
16;0.2;4;17.09;9;44
16;0.97;13;-10.73;43;44
16;0;15;-6.75;0;44
16;0.97;25;-12.23;43;44
16;0;40;-8.96;0;44
16;0;31;-8.62;0;44
16;0.77;21;-1.35;34;44
16;0.67;28;-2.34;29;44
16;0.9;30;0.6;40;44
16;0.07;36;-25.51;3;44
16;0.4;24;12.52;18;44
16;0.9;29;-3.21;40;44
16;0.9;29;-3.21;40;44
16;0;39;-8.94;0;44
16;0.03;32;1.59;1;44
16;0.87;26;4.36;38;44
16;0.93;38;-30.58;41;44
16;0.53;33;7.35;23;44
16;0;35;14.74;0;44
16;0.03;23;5.14;1;44
16;0.8;37;-14.4;35;44
16;0.53;22;-14.52;23;44
16;0.97;34;-4.08;43;44
16;0;48;-7.61;0;44
16;0.73;58;0.45;32;44
16;0.37;42;15.79;16;44
16;0.6;55;5.6;26;44
16;0;56;-7.87;0;44
16;0.37;50;2.11;16;44
16;0.27;60;7.12;12;44
16;0.67;45;3.9;29;44
16;0.63;46;-12.4;28;44
16;0.93;53;4.68;41;44
16;0.03;51;11.48;1;44
16;0.4;49;5.85;18;44
16;1;41;4.37;44;44
16;0.47;44;0.68;21;44
16;0.69;57;2.06;30;44
16;0.13;47;10.94;6;44
16;0.07;59;15.28;3;44
16;0.4;43;7.5;18;44
16;0;79;-5.66;0;44
16;0.57;70;2.46;25;44
16;0.93;65;7.62;41;44
16;0;75;2.11;0;44
16;0;63;-6.56;0;44
16;0.77;64;4.07;34;44
16;0.34;61;-4.78;15;44
16;0;71;-18.04;0;44
16;0.93;74;-7.99;41;44
16;0.1;68;9.99;4;44
16;0.7;62;-8.91;31;44
16;0.97;78;8.42;43;44
16;0.8;73;7.74;35;44
16;0.93;69;-10.15;41;44
16;0;72;0.49;0;44
16;0.23;66;-1.21;10;44
16;0;80;-3.6;0;44
16;0;67;6.04;0;44
16;1;77;-2.54;44;44
17;0;1;1.46;0;44
17;0.93;4;15.32;41;44
17;0;18;14.56;0;44
17;0.03;2;-1.98;1;44
17;0;6;21.03;0;44
17;1;3;21.4;44;44
17;1;19;12.35;44;44
17;0;17;-3.44;0;44
17;0.9;20;7.84;40;44
17;0.87;11;18.72;38;44
17;0.93;16;-4.5;41;44
17;0.9;15;14.25;40;44
17;0.03;9;2.3;1;44
17;0;5;4.16;0;44
17;0.77;36;-13.52;34;44
17;0;38;-22.44;0;44
17;0.93;23;6.26;41;44
17;0.3;34;7.73;13;44
17;0.27;28;24.66;12;44
17;0;25;10.7;0;44
17;0.8;32;17.09;35;44
17;0.93;40;13.34;41;44
17;0;30;11.46;0;44
17;0.97;35;-4.13;43;44
17;0.9;29;16.85;40;44
17;0.9;29;16.85;40;44
17;0;33;-3.85;0;44
17;0;26;11.84;0;44
17;0.93;24;0.65;41;44
17;0.97;39;20.42;43;44
17;0.77;31;20.57;34;44
17;0.9;51;-16.46;40;44
17;0.93;55;11.01;41;44
17;0;58;4.35;0;44
17;0.9;60;20.33;40;44
17;0.9;44;1.02;40;44
17;0.5;49;4.31;22;44
17;0.87;52;2.24;38;44
17;0.73;59;9.12;32;44
17;0.07;53;3.7;3;44
17;0.07;41;18.33;3;44
17;0.2;46;1.54;9;44
17;0.93;43;11.23;41;44
17;0.13;42;-16.33;6;44
17;1;47;12.69;44;44
17;0.93;56;-5.89;41;44
17;0.87;48;1.73;38;44
17;0.03;50;18.65;1;44
17;0.17;45;27.69;7;44
17;0.07;73;2.3;3;44
17;0.07;66;5.39;3;44
17;0;69;8.5;0;44
17;0;61;-8.87;0;44
17;0.6;75;20.9;26;44
17;0.93;77;15.04;41;44
17;0.27;68;8.44;12;44
17;0.83;63;3.44;37;44
17;0.83;78;2.02;37;44
17;0.9;71;9.89;40;44
17;0.97;80;5.75;43;44
17;0.97;79;-4.57;43;44
17;0;62;5.16;0;44
17;0.07;65;19.79;3;44
17;0.9;72;12.26;40;44
17;0.03;70;-8.36;1;44
17;0;74;1.33;0;44
17;0.87;67;-14.17;38;44
17;0.5;64;2.4;22;44
18;1;12;-4.77;44;44
18;0;6;10.4;0;44
18;0.9;15;0.08;40;44
18;0;18;-16.46;0;44
18;0.9;20;-9.43;40;44
18;0.93;4;18.14;41;44
18;0.03;10;9.87;1;44
18;0;13;18.53;0;44
18;0;14;-4.52;0;44
18;0;5;-25.29;0;44
18;0.93;16;13.54;41;44
18;0.97;8;24.9;43;44
18;0;1;-11.66;0;44
18;0.03;9;-20.81;1;44
18;1;3;13.81;44;44
18;0;17;-1.05;0;44
18;0.8;7;-24.41;35;44
18;0.03;2;3.9;1;44
18;0.17;22;12.02;7;44
18;0.9;29;-15.53;40;44
18;0.9;29;-15.53;40;44
18;0.03;21;0.63;1;44
18;0.93;40;15;41;44
18;0;26;0.93;0;44
18;0.93;23;-11.39;41;44
18;0;30;1.71;0;44
18;0.93;24;1.39;41;44
18;0;38;-4.51;0;44
18;0.97;39;1.87;43;44
18;0.27;28;16.01;12;44
18;0;33;22.32;0;44
18;0.8;32;12.53;35;44
18;0.77;31;-18.22;34;44
18;0;58;-3.95;0;44
18;0.17;45;1.44;7;44
18;0.03;50;12.69;1;44
18;0;57;12.95;0;44
18;0.07;41;-16.41;3;44
18;0.93;43;1.11;41;44
18;0.93;56;29.3;41;44
18;0.9;44;18.03;40;44
18;0.07;53;-7.93;3;44
18;0.13;42;17.61;6;44
18;0.9;60;7.58;40;44
18;0.87;52;1.47;38;44
18;0.73;59;-3.11;32;44
18;0.5;49;-20.92;22;44
18;0.2;46;19.84;9;44
18;1;47;0.8;44;44
18;0.93;55;-12.65;41;44
18;0.07;73;4.45;3;44
18;0.93;77;0.49;41;44
18;0.9;76;-3.36;40;44
18;0.03;70;-15.89;1;44
18;0;62;-17.18;0;44
18;0.27;68;-2.79;12;44
18;0.6;75;-1.67;26;44
18;0;61;0.8;0;44
18;0;74;1.36;0;44
18;0.83;78;12.43;37;44
18;0.9;72;4.29;40;44
18;0;69;0.88;0;44
18;0.9;71;6.81;40;44
18;0.5;64;-5.49;22;44
18;0.97;80;4.54;43;44
18;0.83;63;8.77;37;44
18;0.97;79;-7.24;43;44
18;0.07;65;4.76;3;44
18;0.07;66;8.87;3;44
19;0.2;4;-6.6;9;44
19;0;16;9.83;0;44
19;0.07;11;21.82;3;44
19;0.34;8;10.24;15;44
19;0.8;10;6.75;35;44
19;0;20;7.49;0;44
19;0.93;9;25.44;41;44
19;0;15;12.58;0;44
19;0.97;13;22.75;43;44
19;0;19;19.14;0;44
19;0;7;4.85;0;44
19;1;6;15.34;44;44
19;0.07;3;20.43;3;44
19;0.62;17;3.69;27;44
19;0.93;5;-5.31;41;44
19;1;2;-4.98;44;44
19;0.87;18;0.52;38;44
19;0.9;14;7.62;40;44
19;0.13;12;18.87;6;44
19;0.87;26;8.67;38;44
19;0.53;33;4.99;23;44
19;0;35;7.07;0;44
19;0.9;29;-10.75;40;44
19;0.9;29;-10.75;40;44
19;0.67;28;12.45;29;44
19;0;31;5.53;0;44
19;0.9;30;17.71;40;44
19;0.4;24;23.34;18;44
19;0;40;3.86;0;44
19;0.97;34;15.31;43;44
19;0.03;32;-5.54;1;44
19;0.03;23;-16.75;1;44
19;0.07;36;14.84;3;44
19;0.77;21;7.6;34;44
19;0.8;37;-1.17;35;44
19;0;27;4.17;0;44
19;0.97;25;14.72;43;44
19;0;39;8.39;0;44
19;0.53;22;15.37;23;44
19;0.93;38;6.87;41;44
19;0.37;50;24.31;16;44
19;0.07;59;-22.78;3;44
19;0.27;60;6.42;12;44
19;0.73;58;0.8;32;44
19;0.13;47;1.08;6;44
19;0.77;54;28.08;34;44
19;0.37;42;30.31;16;44
19;0.6;55;-1.26;26;44
19;0.67;45;-7;29;44
19;0.4;49;19.19;18;44
19;0.93;53;-10.19;41;44
19;0;48;11.91;0;44
19;0.69;57;4.48;30;44
19;0;52;-5.43;0;44
19;0.63;46;8.12;28;44
19;0.47;44;10.7;21;44
19;0;56;10.86;0;44
19;1;41;0.8;44;44
19;0.03;51;12.23;1;44
19;0.4;43;1.12;18;44
19;0;72;1.56;0;44
19;0.97;78;5.7;43;44
19;0.77;64;5.82;34;44
19;0;80;-4.17;0;44
19;0;71;7.53;0;44
19;0;76;4.89;0;44
19;0.8;73;12.54;35;44
19;0;67;3.41;0;44
19;0;75;15.65;0;44
19;0.23;66;8.15;10;44
19;0.93;74;8.88;41;44
19;0.1;68;0.43;4;44
19;1;77;22.19;44;44
19;0.7;62;14.98;31;44
19;0.57;70;-9.65;25;44
19;0.93;69;25.1;41;44
19;0.93;65;12.13;41;44
19;0;79;8.08;0;44
19;0;63;-3.29;0;44
19;0.34;61;20.1;15;44
20;0.93;5;15.38;41;44
20;0.9;14;19.31;40;44
20;0.2;4;26;9;44
20;0.62;17;9.99;27;44
20;0.8;10;-14.2;35;44
20;0.93;9;7.37;41;44
20;0;19;-5.96;0;44
20;0;7;0.98;0;44
20;0;20;-5.7;0;44
20;0.97;1;5.58;43;44
20;0.87;18;0.27;38;44
20;0;15;20.55;0;44
20;1;6;-2.69;44;44
20;0;16;31.29;0;44
20;0.97;13;32.55;43;44
20;0.13;12;-11.69;6;44
20;0.07;11;14.44;3;44
20;1;2;12.73;44;44
20;0.07;3;22.39;3;44
20;0.53;33;4.8;23;44
20;0.03;23;-4.2;1;44
20;0;39;-15.59;0;44
20;0.93;38;0.65;41;44
20;0.07;36;0.45;3;44
20;0.4;24;10.86;18;44
20;0;31;23.78;0;44
20;0.8;37;13.97;35;44
20;0.67;28;4;29;44
20;0.9;30;16.63;40;44
20;0;35;24.49;0;44
20;0.53;22;22.51;23;44
20;0.9;29;4.39;40;44
20;0.9;29;4.39;40;44
20;0.87;26;0.29;38;44
20;0.97;34;2.67;43;44
20;0.97;25;6.84;43;44
20;0.77;21;25.07;34;44
20;0;40;-21.41;0;44
20;0.03;32;5.22;1;44
20;0;27;3.5;0;44
20;0.47;44;-4.18;21;44
20;1;41;3.63;44;44
20;0.93;53;2.77;41;44
20;0.07;59;28.61;3;44
20;0.6;55;9.33;26;44
20;0.63;46;26.34;28;44
20;0.37;50;-10.16;16;44
20;0;52;13.68;0;44
20;0.4;43;14.54;18;44
20;0.03;51;3.21;1;44
20;0;48;-13.22;0;44
20;0.69;57;-1.84;30;44
20;0.4;49;12.97;18;44
20;0.73;58;1.94;32;44
20;0.37;42;2.01;16;44
20;0.13;47;14.1;6;44
20;0;56;42.72;0;44
20;0.67;45;-11.49;29;44
20;0.27;60;22.96;12;44
20;0;76;3.89;0;44
20;0.93;65;-8.04;41;44
20;0;75;5.04;0;44
20;1;77;-22.85;44;44
20;0;72;17.32;0;44
20;0.77;64;11.04;34;44
20;0.97;78;8.68;43;44
20;0;67;-6.22;0;44
20;0.23;66;13.12;10;44
20;0.57;70;16.02;25;44
20;0.93;69;8.1;41;44
20;0.8;73;-32.63;35;44
20;0;79;-5.15;0;44
20;0.7;62;10.41;31;44
20;0.1;68;-14.25;4;44
20;0.93;74;7.1;41;44
20;0;63;4.42;0;44
20;0;80;4.68;0;44
20;0;71;-1.61;0;44
20;0.34;61;14.96;15;44
21;0.93;5;9.79;41;44
21;0;15;5.96;0;44
21;0.97;1;3.39;43;44
21;0.2;4;10.44;9;44
21;0;16;-1.02;0;44
21;1;6;11.05;44;44
21;0.97;13;16.36;43;44
21;0.62;17;13.34;27;44
21;0;20;-1.55;0;44
21;0.07;11;9.8;3;44
21;0.9;14;18.42;40;44
21;0.93;9;-7.59;41;44
21;0.07;3;-6.11;3;44
21;0.87;18;12.18;38;44
21;0.34;8;9.67;15;44
21;0;19;-1.38;0;44
21;0.13;12;13.2;6;44
21;0.8;10;14.78;35;44
21;0;31;4.58;0;44
21;0.9;30;2.06;40;44
21;0.4;24;-7.73;18;44
21;0.07;36;12.68;3;44
21;0.9;29;14.33;40;44
21;0.9;29;14.33;40;44
21;0.77;21;9.38;34;44
21;0.03;32;-0.5;1;44
21;0.53;22;-18.17;23;44
21;0.87;26;6.08;38;44
21;0;35;-14.11;0;44
21;0.67;28;2.77;29;44
21;0;40;-5.94;0;44
21;0;27;-10.25;0;44
21;0.93;38;-20.98;41;44
21;0.97;34;12.05;43;44
21;0.97;25;-9.14;43;44
21;0.53;33;-12.92;23;44
21;0.8;37;-8.11;35;44
21;0.03;23;-13.87;1;44
21;0.47;44;-20.26;21;44
21;0.37;50;15.3;16;44
21;0.4;43;-1.65;18;44
21;0.77;54;-1.12;34;44
21;0.07;59;1.69;3;44
21;0.27;60;-7.99;12;44
21;0.63;46;-1.8;28;44
21;0.37;42;9.62;16;44
21;0.93;53;2.54;41;44
21;0.03;51;-0.72;1;44
21;0.73;58;18.3;32;44
21;0.6;55;-13.44;26;44
21;0.67;45;1.97;29;44
21;0.4;49;28.88;18;44
21;0.13;47;1.77;6;44
21;0;48;3.83;0;44
21;1;41;6.73;44;44
21;0.69;57;17.14;30;44
21;0;56;-1.05;0;44
21;0;52;-15.14;0;44
21;0.93;65;13.01;41;44
21;0.93;74;2.06;41;44
21;0;79;3.85;0;44
21;0.34;61;6.55;15;44
21;0.93;69;13.34;41;44
21;0;63;5.63;0;44
21;0;72;2.43;0;44
21;0.97;78;4.52;43;44
21;0.23;66;-37.36;10;44
21;0.77;64;15.23;34;44
21;0.7;62;-11.19;31;44
21;0.1;68;-9.51;4;44
21;0.8;73;8.09;35;44
21;0;75;-9.85;0;44
21;0;80;-8.05;0;44
21;0;76;19.98;0;44
21;0.57;70;-3.59;25;44
22;0;1;15.66;0;44
22;0.93;4;8.85;41;44
22;0.93;16;12.55;41;44
22;1;3;-8.89;44;44
22;0;18;-15.11;0;44
22;0.8;7;-5.83;35;44
22;0;14;10.13;0;44
22;0;13;-2.75;0;44
22;0.03;2;1.97;1;44
22;0.03;9;1.27;1;44
22;0.9;15;21.66;40;44
22;0;5;-6.27;0;44
22;0;17;-0.59;0;44
22;0.03;10;3.45;1;44
22;0;6;2.83;0;44
22;0.9;20;1.13;40;44
22;0.97;8;-10;43;44
22;1;12;-12.45;44;44
22;1;19;-4.37;44;44
22;0.87;11;23.04;38;44
22;0.97;27;-5.55;43;44
22;0.8;32;-6.55;35;44
22;0;38;-4.83;0;44
22;0.97;35;14.94;43;44
22;0.9;29;-14.48;40;44
22;0.9;29;-14.48;40;44
22;0.93;24;5.47;41;44
22;0;26;9.76;0;44
22;0;37;-10.43;0;44
22;0.27;28;0.79;12;44
22;0;30;-5.04;0;44
22;0;33;11.41;0;44
22;0.93;23;-2.82;41;44
22;0.93;40;-3.35;41;44
22;0.17;22;11.82;7;44
22;0.97;39;8.29;43;44
22;0.03;21;-8.48;1;44
22;0;25;1.94;0;44
22;0.77;31;24.4;34;44
22;0.77;36;2.75;34;44
22;0.3;34;7.27;13;44
22;0.9;51;-10.71;40;44
22;0.3;54;1.05;13;44
22;0.2;46;3.84;9;44
22;0;57;-1.61;0;44
22;0.87;52;-5.35;38;44
22;0.93;55;12.57;41;44
22;0.17;45;8.42;7;44
22;0;58;11.49;0;44
22;0.07;53;4.08;3;44
22;0.87;48;4.72;38;44
22;0.9;60;15.92;40;44
22;0.5;49;0.02;22;44
22;0.9;44;8.73;40;44
22;0.03;50;10.81;1;44
22;0.93;56;-14.46;41;44
22;0.73;59;-0.57;32;44
22;0.93;43;-16.24;41;44
22;0.07;41;3.62;3;44
22;0.13;42;6.86;6;44
22;1;47;10.76;44;44
22;0.27;68;2.72;12;44
22;0.87;67;-1.98;38;44
22;0.03;70;3.67;1;44
22;0.07;65;-5.97;3;44
22;0;74;10.99;0;44
22;0.93;77;-14.8;41;44
22;0.9;71;-5.71;40;44
22;0.83;63;8.77;37;44
22;0.97;79;10.07;43;44
22;0.6;75;-21.43;26;44
22;0;61;6.65;0;44
22;0.07;73;-7.48;3;44
22;0.9;76;0.93;40;44
22;0;62;0.82;0;44
22;0.07;66;-3.53;3;44
22;0.9;72;2.02;40;44
22;0.97;80;-3.51;43;44
22;0.83;78;12.66;37;44
22;0.5;64;10.16;22;44
22;0;69;2.66;0;44
23;0.62;17;3.83;27;44
23;0.97;13;-5.62;43;44
23;0.8;10;4.98;35;44
23;0.34;8;-8.42;15;44
23;0.07;3;11.78;3;44
23;0.93;5;8.38;41;44
23;0;16;-6.87;0;44
23;0.2;4;-1.23;9;44
23;1;6;-6.13;44;44
23;0;7;9.26;0;44
23;0;15;6.27;0;44
23;0.93;9;10.59;41;44
23;0.13;12;-2.03;6;44
23;0;19;6.57;0;44
23;0;20;12.44;0;44
23;0.97;1;10.95;43;44
23;0.87;18;-8.32;38;44
23;0.07;11;2.85;3;44
23;0.9;14;4.8;40;44
23;1;2;26.22;44;44
23;0;40;-0.43;0;44
23;0.93;38;15.51;41;44
23;0;35;6.63;0;44
23;0.8;37;-6.49;35;44
23;0.67;28;-2.61;29;44
23;0;31;6.54;0;44
23;0.07;36;-8.33;3;44
23;0;39;13.41;0;44
23;0.97;25;25.1;43;44
23;0.87;26;0.11;38;44
23;0.03;23;-5.79;1;44
23;0.03;32;11.37;1;44
23;0.53;22;19.09;23;44
23;0.4;24;9.5;18;44
23;0.77;21;14.28;34;44
23;0.97;34;7.47;43;44
23;0.53;33;2.7;23;44
23;0.9;30;21.91;40;44
23;0;27;-8.71;0;44
23;0.9;29;-1.19;40;44
23;0.9;29;-1.19;40;44
23;0.63;46;8.22;28;44
23;0.07;59;2.71;3;44
23;0.03;51;2.66;1;44
23;0.67;45;35.94;29;44
23;0;56;17.85;0;44
23;0.4;43;-23.28;18;44
23;0.13;47;-4.88;6;44
23;0.37;42;2.99;16;44
23;0.27;60;2.57;12;44
23;0.93;53;-0.18;41;44
23;0.37;50;2.4;16;44
23;0.77;54;-23.79;34;44
23;0;52;7.36;0;44
23;1;41;20.94;44;44
23;0.73;58;20.94;32;44
23;0.4;49;1.59;18;44
23;0;48;8.8;0;44
23;0.69;57;15.28;30;44
23;0.7;62;3.29;31;44
23;0;79;13.24;0;44
23;0.93;65;2.46;41;44
23;0;67;7.76;0;44
23;0.23;66;8.16;10;44
23;0.77;64;-17.29;34;44
23;0.57;70;7.53;25;44
23;0;76;13.7;0;44
23;0;80;6.01;0;44
23;0.93;74;2.99;41;44
23;0;71;8.39;0;44
23;0;72;9.82;0;44
23;0.1;68;-6.65;4;44
23;0;75;27.47;0;44
23;0.97;78;-1.31;43;44
23;0.34;61;12.83;15;44
23;1;77;12;44;44
23;0;63;-10.17;0;44
23;0.8;73;-5.02;35;44
23;0.93;69;47.17;41;44
24;0.13;12;-3.45;6;44
24;0.62;17;8.76;27;44
24;1;2;-12.29;44;44
24;0.9;14;6.43;40;44
24;0.07;3;-10.48;3;44
24;0.07;11;22.38;3;44
24;0.93;9;-0.5;41;44
24;0;7;0.95;0;44
24;0.97;1;0.56;43;44
24;0.34;8;14.05;15;44
24;1;6;19.81;44;44
24;0.87;18;-1;38;44
24;0.2;4;7.88;9;44
24;0.97;13;21.42;43;44
24;0;16;-6.62;0;44
24;0.93;5;27.65;41;44
24;0;20;2.26;0;44
24;0;19;2.44;0;44
24;0.8;10;0.31;35;44
24;0;39;3.65;0;44
24;0.03;23;5.18;1;44
24;0.87;26;1.71;38;44
24;0;31;-4.33;0;44
24;0.67;28;-6.18;29;44
24;0;27;-15.42;0;44
24;0.53;33;28.43;23;44
24;0.53;22;-15.12;23;44
24;0.8;37;15.94;35;44
24;0.9;29;1.48;40;44
24;0.9;29;1.48;40;44
24;0.07;36;-7.68;3;44
24;0.97;34;7.27;43;44
24;0.93;38;10.02;41;44
24;0;40;-5.6;0;44
24;0.9;30;1.52;40;44
24;0.97;25;-6.63;43;44
24;0.77;21;4.31;34;44
24;0;35;-10.85;0;44
24;0.4;24;0.58;18;44
24;0.37;50;21.87;16;44
24;0.07;59;0.25;3;44
24;0.67;45;10.82;29;44
24;0.4;49;14.12;18;44
24;0;56;-2.96;0;44
24;0.4;43;7.94;18;44
24;0.77;54;-2.69;34;44
24;0;48;1.24;0;44
24;0.93;53;-8.23;41;44
24;0.37;42;-2.05;16;44
24;0.6;55;-1.23;26;44
24;0.03;51;3.27;1;44
24;0.63;46;6.1;28;44
24;1;41;1.41;44;44
24;0.73;58;27.29;32;44
24;0.47;44;8.27;21;44
24;0;52;6.08;0;44
24;0.27;60;12.06;12;44
24;0.69;57;11.84;30;44
24;0.13;47;-5.02;6;44
24;0;72;3.98;0;44
24;0;75;11.21;0;44
24;0.97;78;23.29;43;44
24;0.93;69;5.73;41;44
24;0.93;74;-3.27;41;44
24;0.1;68;-7.02;4;44
24;1;77;5.3;44;44
24;0;79;10.07;0;44
24;0;67;14.17;0;44
24;0.57;70;6.4;25;44
24;0;63;-10.83;0;44
24;0.23;66;-4.9;10;44
24;0.7;62;4.52;31;44
24;0.34;61;14.69;15;44
24;0;80;5.8;0;44
24;0.77;64;4.96;34;44
24;0;71;4.88;0;44
24;0.93;65;11.88;41;44
24;0;76;2.61;0;44
25;1;3;11.35;44;44
25;0.03;2;14.62;1;44
25;0.03;10;18.04;1;44
25;0;18;2.44;0;44
25;0;1;36.2;0;44
25;1;12;16.92;44;44
25;0.8;7;-34.99;35;44
25;0.93;16;-14.64;41;44
25;0.9;15;-7.69;40;44
25;0;14;39.54;0;44
25;1;19;3.33;44;44
25;0;6;-6.81;0;44
25;0.87;11;-3.04;38;44
25;0.9;20;-18.37;40;44
25;0;5;2.27;0;44
25;0;13;27.89;0;44
25;0.97;39;31.98;43;44
25;0.27;28;20.01;12;44
25;0.93;24;-18.7;41;44
25;0.3;34;11.41;13;44
25;0.97;35;-1.07;43;44
25;0.77;31;-15.22;34;44
25;0;30;-9.96;0;44
25;0.97;27;6.04;43;44
25;0.9;29;6.85;40;44
25;0.9;29;6.85;40;44
25;0.17;22;14.79;7;44
25;0.8;32;-10.98;35;44
25;0.93;40;8.65;41;44
25;0;26;23.1;0;44
25;0.93;23;17.82;41;44
25;0;25;-5.73;0;44
25;0.77;36;23.98;34;44
25;0;33;-37.18;0;44
25;0;38;-1.94;0;44
25;0.03;21;10.43;1;44
25;0.03;50;3.64;1;44
25;0.87;52;1.16;38;44
25;0;58;-0.13;0;44
25;0.93;56;7.57;41;44
25;0.93;43;-14.6;41;44
25;0.07;41;14.78;3;44
25;0.9;44;-17.89;40;44
25;0.2;46;-13.39;9;44
25;1;47;-8.23;44;44
25;0.07;53;3.47;3;44
25;0.9;51;11.28;40;44
25;0.87;48;19.52;38;44
25;0.3;54;18.68;13;44
25;0.93;55;-19.67;41;44
25;0.17;45;-9.13;7;44
25;0.73;59;1.02;32;44
25;0.13;42;-4.45;6;44
25;0.07;65;9.12;3;44
25;0.9;72;4.57;40;44
25;0;62;24.02;0;44
25;0.27;68;-12.69;12;44
25;0.6;75;-25.03;26;44
25;0.07;66;-17.66;3;44
25;0.07;73;13;3;44
25;0.9;76;12.14;40;44
25;0.9;71;4.54;40;44
25;0.93;77;4.93;41;44
25;0.97;79;-9.18;43;44
25;0.83;78;20.44;37;44
25;0.83;63;26.18;37;44
25;0.03;70;-10.29;1;44
25;0.87;67;-0.8;38;44
25;0;61;-6.2;0;44
25;0.97;80;0.5;43;44
25;0;74;-27.58;0;44
25;0.5;64;0.61;22;44
25;0;69;12.07;0;44
26;0;6;21.99;0;44
26;0;17;3.41;0;44
26;0.9;15;-11.25;40;44
26;0;5;-7.08;0;44
26;0.9;20;-10.12;40;44
26;0.8;7;-14.83;35;44
26;0.93;4;8.76;41;44
26;0;18;9.38;0;44
26;0.03;2;-3.3;1;44
26;0.03;9;-15.74;1;44
26;0.97;8;-2.17;43;44
26;0.03;10;-13.74;1;44
26;0;13;-7.07;0;44
26;0;14;-3.98;0;44
26;1;12;2.4;44;44
26;0;1;6.35;0;44
26;0.87;11;33.86;38;44
26;1;19;-9.86;44;44
26;0.93;16;-7.32;41;44
26;0.93;23;7.46;41;44
26;0;26;8.31;0;44
26;0.77;31;-12.24;34;44
26;0;38;-12.59;0;44
26;0;30;-0.62;0;44
26;0.9;29;9.42;40;44
26;0.9;29;9.42;40;44
26;0.03;21;3.72;1;44
26;0.17;22;21.56;7;44
26;0.8;32;9.04;35;44
26;0.97;35;29.59;43;44
26;0.27;28;21.6;12;44
26;0.97;27;-1.79;43;44
26;0;25;-16.53;0;44
26;0.93;24;-30.85;41;44
26;0.3;34;-2.24;13;44
26;0.97;39;14.7;43;44
26;0.93;40;-2.57;41;44
26;0;37;12.08;0;44
26;0;33;5.6;0;44
26;0.03;50;0.33;1;44
26;0;58;-6.76;0;44
26;0.07;53;9.71;3;44
26;0.93;56;1.88;41;44
26;0.9;60;11.1;40;44
26;0;57;-3.28;0;44
26;0.07;41;-10.58;3;44
26;0.5;49;11.9;22;44
26;0.87;48;18.96;38;44
26;0.17;45;9.44;7;44
26;0.9;51;-3.69;40;44
26;0.93;55;-11.83;41;44
26;0.2;46;-0.07;9;44
26;0.3;54;-16.25;13;44
26;0.9;44;8.42;40;44
26;0.13;42;17.7;6;44
26;0.87;52;-2.74;38;44
26;0.93;43;-3.53;41;44
26;0.73;59;29.8;32;44
26;1;47;-4.9;44;44
26;0;69;8.6;0;44
26;0;74;-19.6;0;44
26;0.9;71;-21.88;40;44
26;0.07;73;-2.08;3;44
26;0;61;8.05;0;44
26;0.9;72;5.29;40;44
26;0.5;64;13.22;22;44
26;0.83;78;-16.71;37;44
26;0.87;67;-7.77;38;44
26;0.93;77;-8.83;41;44
26;0.9;76;6.17;40;44
26;0.97;79;3.43;43;44
26;0.6;75;-12.54;26;44
26;0.27;68;5.48;12;44
26;0.03;70;-9.54;1;44
26;0.97;80;11.47;43;44
26;0.07;66;0.51;3;44
27;0.93;5;-5.33;41;44
27;0.9;14;-17.01;40;44
27;0.8;10;-2.85;35;44
27;0.87;18;4.31;38;44
27;0.97;1;32.46;43;44
27;0.07;11;-34.49;3;44
27;0.07;3;-5.99;3;44
27;0.2;4;-34.05;9;44
27;1;6;-24.85;44;44
27;0;7;8.02;0;44
27;0;15;6.34;0;44
27;0.13;12;18.34;6;44
27;0.62;17;-15.09;27;44
27;0;16;-12.75;0;44
27;0.93;9;11.14;41;44
27;1;2;9.45;44;44
27;0.97;13;23.89;43;44
27;0;20;6.47;0;44
27;0;19;-26.44;0;44
27;0.34;8;17.23;15;44
27;0.87;26;14.41;38;44
27;0;39;-23.77;0;44
27;0.03;23;33.03;1;44
27;0;35;-44.89;0;44
27;0.67;28;-3.46;29;44
27;0.77;21;-19;34;44
27;0.07;36;0.24;3;44
27;0.53;22;-2.99;23;44
27;0.93;38;-1.99;41;44
27;0;27;18.62;0;44
27;0.97;25;17.71;43;44
27;0.97;34;2.89;43;44
27;0.4;24;2.35;18;44
27;0;40;13.07;0;44
27;0.03;32;-2.43;1;44
27;0;31;-0.81;0;44
27;0.8;37;-6.09;35;44
27;0.9;30;-2.49;40;44
27;0.9;29;0.15;40;44
27;0.9;29;0.15;40;44
27;0.53;33;15.06;23;44
27;0;56;20.92;0;44
27;0;48;1.4;0;44
27;0.77;54;9.93;34;44
27;0.93;53;10.44;41;44
27;0.63;46;-2.48;28;44
27;0.27;60;4.75;12;44
27;0.37;50;11.1;16;44
27;1;41;-33.68;44;44
27;0;52;-9.23;0;44
27;0.73;58;-68.24;32;44
27;0.69;57;15.36;30;44
27;0.4;43;6.59;18;44
27;0.13;47;13.84;6;44
27;0.37;42;4.77;16;44
27;0.6;55;-16.49;26;44
27;0.03;51;10.46;1;44
27;0.07;59;26.07;3;44
27;0.47;44;9.81;21;44
27;0.67;45;22.59;29;44
27;0.34;61;6.46;15;44
27;0;67;-17.67;0;44
27;0.93;69;24.39;41;44
27;0;71;0.54;0;44
27;0.97;78;-20.43;43;44
27;0;79;1.9;0;44
27;0.93;74;-22.31;41;44
27;0.8;73;-11.57;35;44
27;0.23;66;2.3;10;44
27;0.77;64;9.61;34;44
27;0.57;70;-11.05;25;44
27;0;63;-21.11;0;44
27;0;72;30.6;0;44
27;0;80;1.73;0;44
27;0;76;-18.14;0;44
27;0.7;62;37.72;31;44
27;0.1;68;14.51;4;44
27;0.93;65;8.44;41;44
27;1;77;1.62;44;44
27;0;75;7.48;0;44
28;0.97;8;6.81;43;44
28;0.03;2;-6.66;1;44
28;0.9;15;-5.91;40;44
28;0.9;20;1.64;40;44
28;0;5;-22.4;0;44
28;0.03;10;6.09;1;44
28;0.93;4;1.39;41;44
28;0.03;9;2.62;1;44
28;1;3;-16.79;44;44
28;0;17;-6.56;0;44
28;0;1;-5.24;0;44
28;0;18;-11.2;0;44
28;0;13;16.22;0;44
28;0.93;16;15.67;41;44
28;0;14;15.82;0;44
28;1;19;7.91;44;44
28;1;12;20.08;44;44
28;0;6;0.38;0;44
28;0.87;11;8.1;38;44
28;0.77;31;15.06;34;44
28;0.9;29;22.25;40;44
28;0.9;29;22.25;40;44
28;0.93;40;-4.8;41;44
28;0.97;35;9.9;43;44
28;0.03;21;21.01;1;44
28;0.17;22;-2.69;7;44
28;0.93;23;21.52;41;44
28;0;30;-11.81;0;44
28;0.8;32;6.89;35;44
28;0.97;39;-18.47;43;44
28;0;26;-5.16;0;44
28;0;37;-2.07;0;44
28;0;33;-26.02;0;44
28;0.97;27;-3.35;43;44
28;0.3;34;-21.68;13;44
28;0.77;36;1.72;34;44
28;0;38;28.35;0;44
28;0.93;24;-0.11;41;44
28;0.27;28;14.41;12;44
28;0;25;9.05;0;44
28;0.03;50;2.82;1;44
28;0.13;42;-17.57;6;44
28;0;57;-4.88;0;44
28;0.07;53;0.49;3;44
28;0.93;56;9.32;41;44
28;1;47;-10.69;44;44
28;0.87;52;11.89;38;44
28;0.17;45;-7.53;7;44
28;0.93;55;19.22;41;44
28;0.3;54;11.97;13;44
28;0.07;41;-6.39;3;44
28;0.9;44;2.87;40;44
28;0.93;43;0.69;41;44
28;0;58;-6.81;0;44
28;0.5;49;4.93;22;44
28;0.73;59;-1.87;32;44
28;0.9;51;-4.34;40;44
28;0.87;48;0.65;38;44
28;0.2;46;-9.01;9;44
28;0.83;78;-10.8;37;44
28;0.97;80;19.56;43;44
28;0.83;63;11.48;37;44
28;0.9;72;0.11;40;44
28;0;74;-21.3;0;44
28;0.07;66;-14.36;3;44
28;0.93;77;3.9;41;44
28;0;61;-2.81;0;44
28;0.5;64;4.19;22;44
28;0.87;67;22.78;38;44
28;0;62;10.72;0;44
28;0.07;65;20.64;3;44
28;0.9;76;1.87;40;44
28;0.07;73;-10.67;3;44
28;0.27;68;-10.91;12;44
28;0;69;8.95;0;44
28;0.97;79;-10.4;43;44
28;0.6;75;5.98;26;44
28;0.03;70;-24.9;1;44
29;0;6;1.62;0;44
29;1;19;-16.56;44;44
29;1;3;-13.91;44;44
29;1;12;-18.81;44;44
29;0.03;9;-6.58;1;44
29;0;18;3.02;0;44
29;0;17;-3.67;0;44
29;0.9;20;-1.05;40;44
29;0.03;2;1.77;1;44
29;0.87;11;25.44;38;44
29;0.97;8;-12.52;43;44
29;0;5;-4.04;0;44
29;0.93;4;-6.65;41;44
29;0;14;12.45;0;44
29;0.8;7;21.35;35;44
29;0;1;0.56;0;44
29;0.9;15;9.88;40;44
29;0.93;16;7.16;41;44
29;0.9;29;18.78;40;44
29;0.9;29;18.78;40;44
29;0;37;-1.33;0;44
29;0.77;36;-4.89;34;44
29;0.93;23;-2.57;41;44
29;0.97;39;1.84;43;44
29;0;26;8.63;0;44
29;0;25;5.53;0;44
29;0.93;40;11.1;41;44
29;0.97;27;2.89;43;44
29;0.97;35;18.01;43;44
29;0.17;22;13.15;7;44
29;0;30;4.92;0;44
29;0.93;24;-10.54;41;44
29;0.8;32;15.47;35;44
29;0;38;-9.35;0;44
29;0;33;9.19;0;44
29;0.03;21;-1.59;1;44
29;0.77;31;4.67;34;44
29;0.9;51;5.38;40;44
29;0.73;59;20.37;32;44
29;0.2;46;-13.15;9;44
29;0.03;50;-3.38;1;44
29;0.3;54;5.8;13;44
29;0.9;60;8.64;40;44
29;0.93;55;16.94;41;44
29;0.93;43;6.6;41;44
29;0.5;49;-3.27;22;44
29;0.87;52;14.76;38;44
29;0.9;44;14.94;40;44
29;0;58;4.37;0;44
29;0.07;53;-15.99;3;44
29;0.87;48;5.38;38;44
29;0.93;56;-1.73;41;44
29;0.13;42;2.03;6;44
29;0.07;41;-9.14;3;44
29;1;47;2.17;44;44
29;0.17;45;1.07;7;44
29;0;57;9.27;0;44
29;0.9;72;9.61;40;44
29;0.93;77;-10.94;41;44
29;0.03;70;17.37;1;44
29;0.07;65;3.97;3;44
29;0.87;67;6.17;38;44
29;0.83;78;-9.58;37;44
29;0.27;68;31.33;12;44
29;0.07;66;22.66;3;44
29;0;74;-18.51;0;44
29;0.83;63;-8.1;37;44
29;0;61;2.1;0;44
29;0.97;80;22.76;43;44
29;0;69;0.18;0;44
29;0.5;64;1.94;22;44
29;0.9;76;-20.51;40;44
29;0;62;2.79;0;44
29;0.9;71;28;40;44
29;0.07;73;6.27;3;44
29;0.97;79;19.2;43;44
29;0.6;75;14.06;26;44
30;0;16;8.44;0;44
30;0.8;10;-5.45;35;44
30;0.13;12;3.98;6;44
30;0.97;1;14.37;43;44
30;0.87;18;15.55;38;44
30;0.2;4;17.05;9;44
30;0;20;-0.78;0;44
30;0;7;-8.37;0;44
30;0.93;9;19.95;41;44
30;0;19;-0.73;0;44
30;1;6;11.95;44;44
30;0.97;13;-6.85;43;44
30;0.62;17;18.09;27;44
30;0.07;11;15.01;3;44
30;1;2;12.21;44;44
30;0;15;-3.37;0;44
30;0.93;5;19.57;41;44
30;0.34;8;13.18;15;44
30;0.07;3;7.19;3;44
30;0;40;3.47;0;44
30;0.67;28;1.15;29;44
30;0.07;36;4.74;3;44
30;0.03;32;-14.68;1;44
30;0.97;25;-0.24;43;44
30;0.97;34;18.87;43;44
30;0.93;38;-5.98;41;44
30;0.77;21;11.75;34;44
30;0.9;29;14.54;40;44
30;0.9;29;14.54;40;44
30;0.4;24;4.7;18;44
30;0.53;22;18.71;23;44
30;0.03;23;-1.09;1;44
30;0;31;14.65;0;44
30;0.87;26;6.72;38;44
30;0.8;37;31.69;35;44
30;0;27;-0.06;0;44
30;0;35;-4.47;0;44
30;0.9;30;15.81;40;44
30;0.53;33;7.69;23;44
30;0;39;0.23;0;44
30;0.6;55;-4.96;26;44
30;0;56;1.57;0;44
30;0.93;53;-6.1;41;44
30;0;48;-22.01;0;44
30;0.73;58;36.97;32;44
30;0.47;44;-10.49;21;44
30;0.37;42;22.18;16;44
30;0.69;57;-3.47;30;44
30;0.4;49;26.74;18;44
30;0.37;50;10.46;16;44
30;1;41;16.34;44;44
30;0.67;45;4.54;29;44
30;0.63;46;2.01;28;44
30;0.03;51;12.11;1;44
30;0.27;60;28.88;12;44
30;0.13;47;-8.18;6;44
30;0.4;43;3.29;18;44
30;0.07;59;-5.13;3;44
30;0;52;3.74;0;44
30;0.23;66;0.9;10;44
30;0;67;19.49;0;44
30;0.97;78;9.14;43;44
30;0;75;1.58;0;44
30;0.93;69;10.85;41;44
30;0;76;17;0;44
30;0.77;64;25.02;34;44
30;0.1;68;0.52;4;44
30;0.8;73;6.39;35;44
30;1;77;-17.12;44;44
30;0.93;74;4.8;41;44
30;0;80;7.65;0;44
30;0.34;61;10.56;15;44
30;0.93;65;9.58;41;44
30;0;79;7.31;0;44
30;0;72;-26.08;0;44
30;0.7;62;-17.16;31;44
30;0;71;21.53;0;44
30;0.57;70;-11.61;25;44
31;0.8;10;21.93;35;44
31;0;15;9.33;0;44
31;0.93;9;-7.74;41;44
31;1;6;22.31;44;44
31;0.13;12;-4.65;6;44
31;0.07;3;16.93;3;44
31;1;2;15.09;44;44
31;0.87;18;24.25;38;44
31;0;20;23.72;0;44
31;0.34;8;13.77;15;44
31;0;19;-9.27;0;44
31;0.62;17;-0.38;27;44
31;0.93;5;4.74;41;44
31;0;16;11.55;0;44
31;0.9;14;5.63;40;44
31;0.97;13;12.02;43;44
31;0.07;11;6.78;3;44
31;0.2;4;-5.03;9;44
31;0.97;1;3.72;43;44
31;0;7;-1.11;0;44
31;0.4;24;-1.96;18;44
31;0.93;38;10.11;41;44
31;0.67;28;-2.71;29;44
31;0.53;22;2.2;23;44
31;0.97;34;11.47;43;44
31;0;35;7.86;0;44
31;0;39;18.15;0;44
31;0.77;21;13.83;34;44
31;0.03;32;13.2;1;44
31;0.8;37;4.48;35;44
31;0.07;36;7.02;3;44
31;0.03;23;24.72;1;44
31;0;40;1.91;0;44
31;0.9;29;-5.32;40;44
31;0.9;29;-5.32;40;44
31;0.97;25;27.38;43;44
31;0.87;26;7.19;38;44
31;0;31;0.04;0;44
31;0.9;30;-22.72;40;44
31;0.53;33;-2.05;23;44
31;0;27;34.14;0;44
31;0.77;54;32.15;34;44
31;0.03;51;14.61;1;44
31;0.47;44;8.95;21;44
31;0.4;43;7.33;18;44
31;0.73;58;-0.61;32;44
31;0.67;45;10.98;29;44
31;0.63;46;3.29;28;44
31;0;52;-12.37;0;44
31;0.6;55;17.45;26;44
31;1;41;32.36;44;44
31;0.4;49;-18.96;18;44
31;0.07;59;8.59;3;44
31;0.13;47;-2.56;6;44
31;0.69;57;-0.65;30;44
31;0;48;1.5;0;44
31;0.37;42;2.84;16;44
31;0.27;60;14.56;12;44
31;0;56;0.66;0;44
31;0.93;53;-17.19;41;44
31;0.37;50;-9.05;16;44
31;0;72;10.32;0;44
31;0.93;69;27.31;41;44
31;0;75;13.1;0;44
31;0.1;68;4.53;4;44
31;0.97;78;11.02;43;44
31;0.93;65;24.32;41;44
31;0.8;73;10.93;35;44
31;0.57;70;-2.07;25;44
31;0;79;17.38;0;44
31;0;80;7.27;0;44
31;0.77;64;13.35;34;44
31;0;63;19.93;0;44
31;1;77;11.27;44;44
31;0;71;-9.23;0;44
31;0;76;4.73;0;44
31;0.93;74;8.69;41;44
31;0.23;66;-4.66;10;44
31;0;67;6.11;0;44
31;0.34;61;21.51;15;44
31;0.7;62;15.69;31;44
32;0;16;6.94;0;44
32;0.07;11;3.69;3;44
32;0.97;1;19.38;43;44
32;0.97;13;32.16;43;44
32;0.8;10;8.03;35;44
32;0.2;4;-11.73;9;44
32;1;6;-9.95;44;44
32;0;20;-11;0;44
32;0.62;17;9.72;27;44
32;0.9;14;-12.7;40;44
32;0.07;3;2.08;3;44
32;0.13;12;-2.71;6;44
32;0.93;9;0.07;41;44
32;0;15;0.68;0;44
32;0.34;8;-13.5;15;44
32;0;7;-6.81;0;44
32;0;19;18.11;0;44
32;0.93;5;0.24;41;44
32;1;2;16.61;44;44
32;0.87;18;-2.79;38;44
32;0;39;6.78;0;44
32;0.07;36;-0.34;3;44
32;0;35;1.63;0;44
32;0;40;3.57;0;44
32;0.67;28;3.52;29;44
32;0;31;-1.89;0;44
32;0.9;30;1.3;40;44
32;0.87;26;-2.86;38;44
32;0.4;24;-6.55;18;44
32;0.03;32;2.1;1;44
32;0;27;-4.02;0;44
32;0.93;38;17.35;41;44
32;0.53;33;-4.39;23;44
32;0.77;21;14.23;34;44
32;0.97;34;-18.64;43;44
32;0.53;22;9.64;23;44
32;0.8;37;8.75;35;44
32;0.9;29;10.65;40;44
32;0.9;29;10.65;40;44
32;0.97;25;2.94;43;44
32;0.03;23;3.81;1;44
32;0.4;43;20.63;18;44
32;1;41;7.93;44;44
32;0.27;60;31.77;12;44
32;0.4;49;6.31;18;44
32;0.93;53;-3.9;41;44
32;0;48;7.82;0;44
32;0.07;59;17.59;3;44
32;0;52;-6.38;0;44
32;0.77;54;1.73;34;44
32;0;56;16.11;0;44
32;0.63;46;-2.56;28;44
32;0.03;51;-6.8;1;44
32;0.37;42;2.96;16;44
32;0.67;45;12.25;29;44
32;0.13;47;2.58;6;44
32;0.37;50;10.88;16;44
32;0.69;57;-17.49;30;44
32;0.73;58;3.42;32;44
32;0.6;55;-11.43;26;44
32;0.47;44;2.89;21;44
32;0.93;65;2.7;41;44
32;0.97;78;12.82;43;44
32;0.93;74;9.88;41;44
32;0.93;69;21.99;41;44
32;0;79;3.79;0;44
32;0.77;64;-5.49;34;44
32;0.8;73;8.63;35;44
32;0;63;7.07;0;44
32;0.23;66;-2.21;10;44
32;0;75;23.12;0;44
32;0.7;62;13.95;31;44
32;0.1;68;-3.14;4;44
32;1;77;3.48;44;44
32;0;72;14.8;0;44
32;0;71;17.5;0;44
32;0.34;61;4.03;15;44
32;0.57;70;9.82;25;44
32;0;80;-0.96;0;44
32;0;67;-3.64;0;44
32;0;76;-4.4;0;44
33;0;1;17.14;0;44
33;0.03;2;27.1;1;44
33;0;6;6.23;0;44
33;1;3;27.6;44;44
33;0.8;7;14.39;35;44
33;0;5;-11.06;0;44
33;0.87;11;13.29;38;44
33;0;13;6.69;0;44
33;0.03;9;-0.23;1;44
33;1;12;23.42;44;44
33;0.03;10;29.8;1;44
33;0;14;-7.42;0;44
33;1;19;7.3;44;44
33;0.9;15;-7.52;40;44
33;0.93;4;14.1;41;44
33;0;17;12.39;0;44
33;0;18;1.56;0;44
33;0.97;8;1.91;43;44
33;0.9;20;25.71;40;44
33;0;25;17.43;0;44
33;0.03;21;-8.84;1;44
33;0.93;23;3.49;41;44
33;0.93;24;2.4;41;44
33;0.3;34;-2.77;13;44
33;0.77;36;-11.84;34;44
33;0;38;-10.59;0;44
33;0;37;14.29;0;44
33;0.8;32;2.77;35;44
33;0.9;29;12.88;40;44
33;0.9;29;12.88;40;44
33;0.97;39;3.92;43;44
33;0.93;40;16.15;41;44
33;0.27;28;13.66;12;44
33;0.17;22;29.85;7;44
33;0.97;35;19.37;43;44
33;0.77;31;27.41;34;44
33;0;33;5.66;0;44
33;0;26;8.31;0;44
33;0;30;1.18;0;44
33;0.97;27;11.3;43;44
33;0.73;59;4.31;32;44
33;0.3;54;-11.23;13;44
33;0.2;46;22.52;9;44
33;1;47;1.06;44;44
33;0.9;60;19.25;40;44
33;0.13;42;-0.15;6;44
33;0.87;52;9.51;38;44
33;0.03;50;27.86;1;44
33;0.07;41;32.75;3;44
33;0.17;45;17.67;7;44
33;0.93;56;1.08;41;44
33;0;57;2.97;0;44
33;0.5;49;-0.15;22;44
33;0.9;51;4.24;40;44
33;0.9;44;9.88;40;44
33;0.93;43;3.57;41;44
33;0.07;53;13.14;3;44
33;0.93;55;9.3;41;44
33;0;58;17.13;0;44
33;0.5;64;1.99;22;44
33;0.97;79;7.3;43;44
33;0.97;80;14.66;43;44
33;0.87;67;8.93;38;44
33;0.83;63;13.75;37;44
33;0.07;66;1.02;3;44
33;0.6;75;10.11;26;44
33;0.9;71;-10.44;40;44
33;0;61;1.17;0;44
33;0.83;78;-4.18;37;44
33;0.03;70;-0.4;1;44
33;0;69;4.05;0;44
33;0;62;17.13;0;44
33;0.07;73;8.98;3;44
33;0.9;72;-12.85;40;44
33;0.07;65;-5.11;3;44
33;0.93;77;8.48;41;44
33;0.9;76;10.33;40;44
33;0.27;68;17.26;12;44
33;0;74;10.09;0;44
34;1;19;4.14;44;44
34;0.03;2;2.72;1;44
34;0.87;11;8.47;38;44
34;1;12;16.13;44;44
34;0.03;9;1;1;44
34;0;5;13.38;0;44
34;0.8;7;18.16;35;44
34;0.97;8;6.41;43;44
34;0;6;13.66;0;44
34;0;13;23.37;0;44
34;0;18;-3.69;0;44
34;0;17;15.38;0;44
34;0.93;4;9.82;41;44
34;1;3;6.82;44;44
34;0;14;13.74;0;44
34;0;1;-0.03;0;44
34;0.9;15;5.15;40;44
34;0.9;20;1.81;40;44
34;0.93;16;7.47;41;44
34;0.03;10;6.12;1;44
34;0.97;39;11.19;43;44
34;0.17;22;16.48;7;44
34;0.77;31;18.88;34;44
34;0;37;9.62;0;44
34;0;30;-4.87;0;44
34;0.97;27;9.25;43;44
34;0.77;36;14.36;34;44
34;0.3;34;-1.49;13;44
34;0;25;-4.21;0;44
34;0.93;40;-1.94;41;44
34;0.93;24;2.7;41;44
34;0;26;-5.77;0;44
34;0.97;35;-4.44;43;44
34;0.93;23;-17.67;41;44
34;0.8;32;9.24;35;44
34;0.03;21;1.47;1;44
34;0.9;29;6.37;40;44
34;0.9;29;6.37;40;44
34;0;38;11.46;0;44
34;0;33;12.23;0;44
34;0.9;60;14.39;40;44
34;0.07;53;4.02;3;44
34;0.87;52;-3.54;38;44
34;0.17;45;19.7;7;44
34;0.9;51;5.58;40;44
34;0.9;44;4.45;40;44
34;0.3;54;8.56;13;44
34;0.87;48;7.92;38;44
34;0.07;41;9.68;3;44
34;0;57;-3.98;0;44
34;0;58;9.65;0;44
34;0.93;56;-2.74;41;44
34;0.2;46;13.65;9;44
34;0.13;42;-1.07;6;44
34;0.93;43;5.66;41;44
34;1;47;-6.62;44;44
34;0.03;50;4.94;1;44
34;0.73;59;-1.85;32;44
34;0.93;55;10.95;41;44
34;0.5;49;-4.89;22;44
34;0.97;79;4.05;43;44
34;0.97;80;3.04;43;44
34;0.93;77;13.56;41;44
34;0.07;65;10.56;3;44
34;0;62;-5.25;0;44
34;0.6;75;19.49;26;44
34;0.9;72;-0.3;40;44
34;0.07;73;1.27;3;44
34;0;61;14.32;0;44
34;0.27;68;8.25;12;44
34;0.83;63;14.61;37;44
34;0.83;78;12.2;37;44
34;0.87;67;19.75;38;44
34;0.9;76;0.17;40;44
34;0.5;64;4.51;22;44
34;0.07;66;17.16;3;44
34;0;74;-7.92;0;44
34;0.9;71;15.94;40;44
34;0.03;70;9.5;1;44
35;0.87;18;7.13;38;44
35;0.13;12;21.18;6;44
35;0.62;17;44.73;27;44
35;1;6;20.47;44;44
35;0;20;5.15;0;44
35;0;16;10.35;0;44
35;0.97;1;22.49;43;44
35;0.34;8;18.4;15;44
35;0.2;4;7.65;9;44
35;0.93;9;6.45;41;44
35;0.07;3;-6.72;3;44
35;0.07;11;18.38;3;44
35;0;19;-3.67;0;44
35;1;2;2.18;44;44
35;0;7;19.14;0;44
35;0.93;5;10.09;41;44
35;0.97;13;-3.1;43;44
35;0.8;10;7.38;35;44
35;0.9;14;21.23;40;44
35;0;39;-12.3;0;44
35;0.77;21;19.7;34;44
35;0;31;-4.75;0;44
35;0.87;26;9.38;38;44
35;0.8;37;4.71;35;44
35;0.97;25;8.95;43;44
35;0.97;34;26.95;43;44
35;0;35;-11.48;0;44
35;0.03;23;9.59;1;44
35;0.9;30;16.34;40;44
35;0.07;36;2.56;3;44
35;0.03;32;3.96;1;44
35;0;27;2.17;0;44
35;0.53;22;21.29;23;44
35;0.53;33;7.41;23;44
35;0;40;-7.07;0;44
35;0.9;29;12.14;40;44
35;0.9;29;12.14;40;44
35;0.4;24;2.95;18;44
35;0.93;38;0.47;41;44
35;0.07;59;-17.64;3;44
35;0.03;51;2.58;1;44
35;0;48;9.2;0;44
35;0.4;43;4.38;18;44
35;0.93;53;24.94;41;44
35;0.73;58;-5.54;32;44
35;0.67;45;-11.75;29;44
35;1;41;10.83;44;44
35;0.37;50;7.33;16;44
35;0.13;47;-0.3;6;44
35;0.27;60;-2;12;44
35;0;52;-17.73;0;44
35;0.77;54;2.83;34;44
35;0.69;57;4.87;30;44
35;0.6;55;9.84;26;44
35;0.63;46;3.63;28;44
35;0.4;49;9.61;18;44
35;0.47;44;-8.18;21;44
35;0.37;42;21.32;16;44
35;0;56;9.03;0;44
35;0;79;-10.86;0;44
35;0.93;69;5.27;41;44
35;0.7;62;-6.82;31;44
35;0.57;70;-7.03;25;44
35;0;72;-0.98;0;44
35;0.93;65;-3.84;41;44
35;0.77;64;0.65;34;44
35;0.34;61;-3.75;15;44
35;0.8;73;12.08;35;44
35;0;75;-0.84;0;44
35;0.97;78;24.71;43;44
35;0.93;74;-6.56;41;44
35;1;77;3.09;44;44
35;0;71;-3.03;0;44
35;0.1;68;-1.71;4;44
35;0;63;-4.98;0;44
35;0;67;9.18;0;44
35;0.23;66;12.88;10;44
35;0;76;7.62;0;44
35;0;80;-17.29;0;44
36;1;6;23.71;44;44
36;0;15;-0.81;0;44
36;0.87;18;7.83;38;44
36;0.2;4;7.72;9;44
36;0;16;1.62;0;44
36;0.07;3;9.41;3;44
36;0.62;17;12.06;27;44
36;0;19;-8.76;0;44
36;0.97;1;-2.9;43;44
36;0.9;14;20.1;40;44
36;0.13;12;-13.4;6;44
36;0.97;13;4.76;43;44
36;0.34;8;3.44;15;44
36;1;2;4.08;44;44
36;0.93;5;2.47;41;44
36;0;20;10;0;44
36;0.8;10;11.56;35;44
36;0;7;10.76;0;44
36;0.93;9;-10.11;41;44
36;0.53;33;-10.84;23;44
36;0.03;23;-15.96;1;44
36;0.87;26;8.4;38;44
36;0;27;4.16;0;44
36;0.93;38;17.72;41;44
36;0;40;-18.63;0;44
36;0;31;3.73;0;44
36;0.9;29;19.44;40;44
36;0.9;29;19.44;40;44
36;0.67;28;-5.72;29;44
36;0.03;32;8.84;1;44
36;0.97;25;-11.39;43;44
36;0.9;30;9.43;40;44
36;0.77;21;2.53;34;44
36;0.53;22;12.15;23;44
36;0.8;37;5.91;35;44
36;0.07;36;-18.56;3;44
36;0.4;24;8.75;18;44
36;0;39;5.25;0;44
36;0;35;3.28;0;44
36;0.73;58;4.67;32;44
36;0.13;47;-2.43;6;44
36;0.69;57;-14.2;30;44
36;0.27;60;6.28;12;44
36;0.93;53;11.46;41;44
36;0.37;50;12.82;16;44
36;0.4;49;-3.3;18;44
36;0.47;44;-7.14;21;44
36;1;41;-7.67;44;44
36;0.77;54;3.86;34;44
36;0.67;45;11.37;29;44
36;0.6;55;19.25;26;44
36;0;56;2.6;0;44
36;0.63;46;-4.84;28;44
36;0.37;42;26.32;16;44
36;0.07;59;3.01;3;44
36;0;48;-5.13;0;44
36;0.4;43;18.71;18;44
36;0;52;-30.01;0;44
36;0.03;51;-1.8;1;44
36;0.97;78;4.8;43;44
36;0.8;73;-2.72;35;44
36;0;75;-1.38;0;44
36;0;76;-3.02;0;44
36;0.1;68;1.28;4;44
36;0.57;70;8.93;25;44
36;0;67;2.84;0;44
36;0;63;-21.6;0;44
36;0.93;74;11.29;41;44
36;0.34;61;2.21;15;44
36;0;72;1.04;0;44
36;0.93;69;13.54;41;44
36;0.93;65;5.6;41;44
36;0.7;62;11.51;31;44
36;1;77;-12.37;44;44
36;0;71;-12.63;0;44
36;0.23;66;5.24;10;44
36;0.77;64;-13.13;34;44
37;0;18;-6.95;0;44
37;0;5;-13.32;0;44
37;0.03;10;8.87;1;44
37;0;17;0.16;0;44
37;0.9;15;20.37;40;44
37;0.87;11;22.15;38;44
37;0.03;9;5.79;1;44
37;0;13;-12.15;0;44
37;0.93;16;-8.72;41;44
37;0.03;2;12.31;1;44
37;0;1;16.84;0;44
37;0.8;7;13.65;35;44
37;0.9;20;19.38;40;44
37;0.97;8;-7.83;43;44
37;0;6;-14.85;0;44
37;1;12;18.41;44;44
37;1;19;23.54;44;44
37;1;3;11.93;44;44
37;0;14;0.53;0;44
37;0.93;4;21.41;41;44
37;0;25;-6.97;0;44
37;0.97;39;-0.84;43;44
37;0.93;24;0.34;41;44
37;0;38;10.31;0;44
37;0.27;28;8.26;12;44
37;0;30;-1.88;0;44
37;0;37;3.3;0;44
37;0;33;-2.15;0;44
37;0.8;32;5.29;35;44
37;0.9;29;7.43;40;44
37;0.9;29;7.43;40;44
37;0.93;23;3.03;41;44
37;0.97;35;-1.04;43;44
37;0.93;40;3.09;41;44
37;0.97;27;3.05;43;44
37;0.3;34;1.98;13;44
37;0.77;36;6.94;34;44
37;0;26;2.3;0;44
37;0.03;21;12.4;1;44
37;0.07;41;16.9;3;44
37;0;57;9.45;0;44
37;0.9;60;3.01;40;44
37;0.13;42;5.45;6;44
37;0.9;44;29.04;40;44
37;0;58;-3.16;0;44
37;0.07;53;5.6;3;44
37;0.93;55;-10.04;41;44
37;0.5;49;8.62;22;44
37;0.2;46;-5.09;9;44
37;0.87;48;5.47;38;44
37;0.3;54;4.84;13;44
37;0.87;52;13.57;38;44
37;0.93;43;-1.47;41;44
37;0.73;59;-1.14;32;44
37;0.9;51;9.39;40;44
37;0;74;15.3;0;44
37;0.07;73;5.69;3;44
37;0.9;72;12.64;40;44
37;0.83;63;-6.31;37;44
37;0;61;-8.25;0;44
37;0.07;66;0.06;3;44
37;0.5;64;-0.09;22;44
37;0;62;25.35;0;44
37;0.93;77;2.37;41;44
37;0.83;78;12.68;37;44
37;0.03;70;-5.32;1;44
37;0.9;76;-1.7;40;44
37;0.07;65;-0.46;3;44
37;0.27;68;-26.85;12;44
37;0.87;67;-2.67;38;44
37;0.9;71;16.23;40;44
37;0;69;21.89;0;44
37;0.97;80;30.82;43;44
37;0.97;79;9;43;44
